NIU,CODIGO_DE_CONEXION,TIPO_DE_CONEXION,NIVEL_DE_TENSION,NIVEL_DE_TENSION_PRIMARIO,PORC_PROPIEDAD_DEL_ACTIVO,CONEXION_RED,ID_COMERCIALIZADOR,ID_MERCADO,GRUPO_DE_CALIDAD,COD_FRONTERA_COMERCIAL,CODIGO_CIRCUITO_O_LINEA,CODIGO_TRANSFORMADOR,CODIGO_DANE_NIU,UBICACION,DIRECCION,CONDICION_ESPECIAL,TIPO_AREA_ESPECIAL,CODIGO_AREA_ESPECIAL,ESTRATO_ID,ALTITUD,LONGITUD,LATITUD,AUTOGENERADOR,EXPORTA_ENERGIA,POTENCIA,TIPO_GENERACION,CODIGO_FRONTERA_AUTO_GEN,INICIO_OPERACION,CONTRATO_RESPALDO,CAPACIDAD_CONTRATO_RESPALDO
0000000000000000000000000000000030067481,100YOK0000,2,1,2,0,2,62371,444,12,Frt76810,,100YOK0000,8001000,2,CL 99 CR 52 - 53 LOC 35,0,0,0,8,93,-74.8279306,11.0140732,3,,,,,,,
0000000000000000000000000000000030089025,101KZV0000,2,1,2,0,2,62371,444,12,Frt82945,,101KZV0000,8758000,2,D 40A CR 19 - 29 LOC B12,0,0,0,8,19,-74.7800248,10.9181394,3,,,,,,,
0000000000000000000000000000000030163232,100YD30000,2,1,2,0,2,62371,444,12,Frt83764,,100YD30000,8001000,2,CR 49C CL 86 - 39 LOC 5-6-7,0,0,0,8,100,-74.8218034,11.0043796,3,,,,,,,
0000000000000000000000000000000030166208,0691,1,2,2,101,2,62371,444,32,Frt82047,0691,,8573000,2,CL 1E CR 5 - 75 ARCO PADRE,0,0,0,8,24,-74.9108796,11.0103411,3,,,,,,,
0000000000000000000000000000000037015375,0743,1,2,2,101,2,62371,444,32,Frt75030,0743,,8573000,2,CR 20 CL 6 - 131,0,0,0,7,24,-74.9108796,11.0103411,3,,,,,,,
12940683,100BAC0000,2,1,2,0,2,62371,444,12,Frt49762,,100BAC0000,8001000,2,CR 53 CL 80 - 198 PISO 16,0,0,0,8,82,-74.8116702,11.0062392,3,,,,,,,
12940692,100BAC0000,2,1,2,0,2,62371,444,12,Frt49793,,100BAC0000,8001000,2,CR 53 CL 80 - 198 PISO 17,0,0,0,8,82,-74.8116702,11.0062392,3,,,,,,,
12940753,100BAC0000,2,1,2,0,2,62371,444,12,Frt49750,,100BAC0000,8001000,2,CR 53 CL 80 - 198 PISO 15,0,0,0,8,82,-74.8116702,11.0062392,3,,,,,,,
12940754,100BAC0000,2,1,2,0,2,62371,444,12,Frt49763,,100BAC0000,8001000,2,CR 53 CL 80 - 198 PISO 18,0,0,0,8,82,-74.8116702,11.0062392,3,,,,,,,
12946716,100FS60000,2,1,2,0,1,62371,444,12,Frt32327,,100FS60000,8001000,2,CR 45B 90 210 LOC QIEN,0,0,0,8,109,-74.8263033,11.0036816,3,,,,,,,
12946773,0109,1,2,2,101,2,62371,444,12,Frt32404,0109,,8001000,2,CL 40 CR 35 - 110 LOC NREG BQ3452,0,0,0,7,39,-74.7900594,10.9761106,3,,,,,,,
12949380,0843,1,3,3,101,2,62371,444,32,Frt38577,0843,,8001000,1,CARRT A JUAN MINA A GALAPA No 200 - 1 LOC NREG DQ6388,9,0,0,7,35,-74.901634,10.9526116,3,,,,,,,
12951555,100SLG0000,2,1,2,0,1,62371,444,11,Frt35006,,100SLG0000,47001000,2,CR 9 18 24 LOC QIEN,0,0,0,7,11,-74.2066559,11.2414899,3,,,,,,,
12956871,100LUI0000,2,1,2,0,2,62371,444,12,Frt36868,,100LUI0000,8001000,2,CR 50 48 227 LOC DIC3,0,0,0,8,27,-74.7884284,10.9902577,3,,,,,,,
12957655,0107,1,2,2,101,2,62371,444,12,Frt37699,0107,,8001000,2,CL 52 CR 36 - 31 LOC NRP CA634,9,0,0,7,39,-74.7900594,10.9761106,3,,,,,,,
12958410,0819,1,2,2,101,2,62371,444,12,Frt37881,0819,,8001000,2,CR 50 CL 84 - 82 LOC NREG CM1993,0,0,0,8,63,-74.8131534,11.0137506,3,,,,,,,
12986699,100Y0G0000,2,1,2,0,2,62371,444,11,Frt58986,,100Y0G0000,47001000,2,CL 23A No CR 11 - 103 LOC 1 AE7156,0,0,0,8,13,-74.2052441,11.2380642,3,,,,,,,
12986842,1007DK0000,2,1,2,0,1,62371,444,22,Frt40092,,1007DK0000,47288000,2,CR 8 CL 1 104 LOC DICL,0,0,0,8,47,-74.1854608,10.5211265,3,,,,,,,
12986978,10080Q0000,2,1,2,0,1,62371,444,12,Frt40488,,10080Q0000,44001000,2,CL 2 CR 6 93 LOC DICL,0,0,0,8,6,-72.9088349,11.5519111,3,,,,,,,
12986989,100H4E0000,2,1,2,0,1,62371,444,11,Frt40447,,100H4E0000,47001000,2,CR 4 9 23 LOC DICL,0,0,0,8,6,-74.2256575,11.2035031,3,,,,,,,
12986990,100ZTS0000,2,1,2,0,1,62371,444,21,Frt40489,,100ZTS0000,44650000,2,CL 5 5 65 LOC DICL,0,0,0,8,211,-73.0060122,10.7709616,3,,,,,,,
12986991,100REX0000,2,1,2,0,2,62371,444,11,Frt40448,,100REX0000,47001000,2,SECTOR 1 LOTE B 1 LOC DICL,0,0,0,8,14,-74.1968237,11.2265141,3,,,,,,,
12987063,0209,1,2,2,101,1,62371,444,12,Frt41063,0209,,8001000,2,AV VIA 40 No 62 - 174,0,0,0,8,7,-74.8072347,11.0293717,3,,,,,,,
12988720,100G6F0000,2,1,2,0,1,62371,444,12,Frt41413,,100G6F0000,8001000,2,CR 44 37 31 LOC DICE,0,0,0,8,23,-74.7799762,10.9832081,3,,,,,,,
12988724,100G2W0000,2,1,2,0,1,62371,444,11,Frt41631,,100G2W0000,47001000,2,CR 5 CL 14 36 LOC DICE,0,0,0,8,10,-74.210595,11.244363,3,,,,,,,
12988726,100C4I0000,2,1,2,0,1,62371,444,12,Frt41400,,100C4I0000,8001000,2,CR 46 92 68 LOC DICE,0,0,0,8,106,-74.8269102,11.0049095,3,,,,,,,
12988732,100L290000,2,1,2,0,1,62371,444,12,Frt41629,,100L290000,8758000,2,CR 28 58 148 LOC DICE,0,0,0,8,44,-74.7963114,10.9240229,3,,,,,,,
12988735,100MGG0000,2,1,2,0,1,62371,444,12,Frt41417,,100MGG0000,8001000,2,CR 38 74 61 OFI DICE,0,0,0,8,102,-74.8131558,10.9853448,3,,,,,,,
12988743,10144S0000,2,1,2,100,1,62371,444,12,Frt41630,,10144S0000,8001000,2,CL 82 51 26 LOC DICE,0,0,0,8,86,-74.8145015,11.0041804,3,,,,,,,
12988754,100U5D0000,2,1,2,0,2,62371,444,32,Frt41405,,100U5D0000,8573000,2,CR 30 CL 1 1841 LOC DICE,0,0,0,8,44,-74.8636353,11.0182409,3,,,,,,,
12988758,100YEQ0000,2,1,2,0,1,62371,444,12,Frt41797,,100YEQ0000,8001000,2,CR 58 CL 96 187 OFI VTI,0,0,0,8,76,-74.8241672,11.0166045,3,,,,,,,
12988760,0463,1,2,2,101,2,62371,444,12,Frt41609,0463,,8758000,2,CL 30 CR 13 65 LOC RENO,0,0,0,7,38,-74.7930524,10.9281115,3,,,,,,,
12991693,0295,1,2,2,101,2,62371,444,12,Frt41947,0295,,8001000,2,CL 68 CR 54 - 110 LOC NRP CE2308,0,0,0,7,20,-74.7948632,11.0086761,3,,,,,,,
12995944,100HRO0000,2,1,2,0,1,62371,444,22,Frt42307,,100HRO0000,47555000,2,CR 15 7 65 LOC QIEN,0,0,0,8,19,-74.784721,9.7900463,3,,,,,,,
12995946,100LC30000,2,1,2,0,1,62371,444,11,Frt42135,,100LC30000,47001000,2,CL 23 CR 4 69 LOC DICE,0,0,0,8,9,-74.2114354,11.2396526,3,,,,,,,
12996961,0235,1,2,2,101,2,62371,444,11,Frt43101,0235,,8758000,2,CL 19 CR 1 - 314 LOC NRP DE3387,0,0,0,7,13,-74.7693239,10.8383713,3,,,,,,,
17001683,101LGP0000,2,1,2,100,1,62371,444,12,Frt74723,,101LGP0000,8001000,2,CR 2 CL 80 - 55 DPL BA8383,0,3,9702,1,44,-74.8211487,10.9361855,3,,,,,,,
17002338,100BIZ0000,2,1,2,100,1,62371,444,12,Frt80123,,100BIZ0000,8001000,2,CL 80 CR 38 - 9 DPL CG3545,0,0,0,8,108,-74.8201227,10.987145,3,,,,,,,
17007553,102S570000,2,1,2,100,1,62371,444,12,Frt57332,,102S570000,8001000,2,CR 21 CL 47D - 131 DPL BA7461,0,0,0,8,43,-74.7967209,10.9650264,3,,,,,,,
17024186,100DP80000,2,1,2,100,1,62371,444,12,Frt65613,,100DP80000,8001000,2,CL 51B CR 10S - 45 DPL BC6646,0,3,9704,8,84,-74.8149096,10.9248285,3,,,,,,,
17024835,101HSH0000,2,1,2,100,1,62371,444,12,Frt67688,,101HSH0000,8001000,2,CR 43 CL 82 - 77 DPL CO2858,0,0,0,8,93,-74.8183564,10.9979969,3,,,,,,,
17027509,100GNL0000,2,1,2,0,2,62371,444,12,Frt84722,,100GNL0000,8001000,2,CL 45 No CR 1 - 85 P 1 LOC 21 BE4105,0,0,0,8,51,-74.800114,10.9305136,3,,,,,,,
17070806,100TQ90000,2,1,2,100,1,62371,444,12,Frt74122,,100TQ90000,8001000,2,CL 41 CR 46 - 213,0,0,0,7,15,-74.7814521,10.9883213,3,,,,,,,
17075064,100C7I0000,2,1,2,100,1,62371,444,12,Frt45285,,100C7I0000,8001000,2,CL 45 38 11 LOC DICE,0,0,0,8,29,-74.7873245,10.9800363,3,,,,,,,
17081855,0140,1,2,2,101,1,62371,444,12,Frt73456,0140,,8001000,2,CL 43 CR 44 - 70 DPL CD835,0,0,0,8,4,-74.7653225,10.9840783,3,,,,,,,
17083049,101LVY0000,2,1,2,100,1,62371,444,12,Frt65227,,101LVY0000,8001000,2,CR 45 CL 85 - 168 DPL CN9281,0,0,0,8,101,-74.8232344,11.0021795,3,,,,,,,
17084674,100D8Z0000,2,1,2,0,1,62371,444,12,Frt44978,,100D8Z0000,8001000,2,CR 43 40 25 LOC DICE,0,0,0,8,16,-74.782078,10.9821728,3,,,,,,,
17091158,1012WZ0000,2,1,2,100,1,62371,444,12,Frt65220,,1012WZ0000,8001000,2,CR 46 CL 85 - 27 DPL CN9420,0,0,0,8,101,-74.8213222,11.0022113,3,,,,,,,
17091466,10111C0000,2,1,2,100,1,62371,444,12,Frt65218,,10111C0000,8001000,2,CL 92 CR 43 - 75 DPL CN8198,0,0,0,8,108,-74.8269676,11.0022698,3,,,,,,,
17091993,100NJ40000,2,1,2,100,1,62371,444,12,Frt85123,,100NJ40000,8001000,2,CR 44 CL 55 - 32 P 1 LOC 1 CB2982,0,0,0,7,44,-74.7937266,10.9867741,3,,,,,,,
17094062,102R2Q0000,2,1,2,100,1,62371,444,12,Frt56606,,102R2Q0000,8001000,2,CL 93 CR 43 - 108 DPL CN8290,0,0,0,8,113,-74.8275822,11.002901,3,,,,,,,
17095141,100CJF0000,2,1,2,0,1,62371,444,12,Frt72305,,100CJF0000,8001000,2,CR 57 CL 96 - 132 DPL CL 4231,0,0,0,8,78,-74.8239282,11.0161712,3,,,,,,,
17096111,100JD20000,2,1,2,100,1,62371,444,22,Frt72547,,100JD20000,8078000,2,CR 19 No 20 - 49 P 2 Ap 1 CQ1804,0,0,0,8,117,-74.9153639,10.7934335,3,,,,,,,
17097785,100B110000,2,1,2,100,1,62371,444,12,Frt80330,,100B110000,8001000,2,CL 84 CR 67 - 54 LOC 4 CJ2835,0,0,0,8,46,-74.8092847,11.0147423,3,,,,,,,
17099633,1010YX0000,2,1,2,100,1,62371,444,12,Frt65620,,1010YX0000,8001000,2,CR 43 CL 90 - 140 DPL CN8411,0,0,0,8,111,-74.8267914,11.0013029,3,,,,,,,
17101499,100ZAY0000,2,1,2,100,1,62371,444,31,Frt67669,,100ZAY0000,8634000,1,CL 11 CR 15 - 220 DPL CV3248,0,3,9408,2,6,-74.7582151,10.7991058,3,,,,,,,
17105984,100M330000,2,1,2,100,1,62371,444,12,Frt85024,,100M330000,8001000,2,CR 46 CL 84 - 108 DPL CO1067,0,0,0,7,98,-74.8209015,11.0022756,3,,,,,,,
17107398,100YIY0000,2,1,2,0,1,62371,444,12,Frt43847,,100YIY0000,8001000,2,CL 93 43 80 LOC QIEN,0,0,0,7,113,-74.8275822,11.002901,3,,,,,,,
17116374,1023GF0000,2,1,2,100,1,62371,444,12,Frt65215,,1023GF0000,8001000,2,CR 70 CL 80 - 36 DPL CJ4362,0,0,0,8,41,-74.8064692,11.0153217,3,,,,,,,
17123031,100B7Q0000,2,1,2,100,1,62371,444,12,Frt60512,,100B7Q0000,8001000,2,CR 51B CL 79 - 348 DPL CM7851,0,0,0,8,83,-74.8128816,11.0040035,3,,,,,,,
17124332,100DZZ0000,2,1,2,100,1,62371,444,22,Frt78466,,100DZZ0000,8078000,2,CR 18 CL 19 - 5 DPL I3743,0,0,0,8,117,-74.9156241,10.7949786,3,,,,,,,
17129570,1005TS0000,2,1,2,100,1,62371,444,22,Frt72541,,1005TS0000,8638000,2,CR 16B No 24 - 58 DPL CW6245,0,0,0,2,95,-74.9225121,10.6306911,3,,,,,,,
17130268,100B1E0000,2,1,2,100,1,62371,444,12,Frt57329,,100B1E0000,8001000,2,CR 66 CL 79 - 144 DPL CJ3637,0,0,0,8,45,-74.8061319,11.0125984,3,,,,,,,
17132335,10154C0000,2,1,2,100,1,62371,444,22,Frt59553,,10154C0000,8638000,2,CL 21 CR 17 - 68 DPL CV7745,0,0,0,8,99,-74.9204944,10.6313383,3,,,,,,,
17132884,100B1J0000,2,1,2,100,1,62371,444,12,Frt54100,,100B1J0000,8001000,2,CR 59C CL 81 - 126 DPL CJ3072,0,0,0,8,55,-74.8084709,11.0112368,3,,,,,,,
17136937,100R4A0000,2,1,2,100,1,62371,444,21,Frt72567,,100R4A0000,8634000,2,CR 10 No CL 10 - 58 DPL CV2554,0,3,9408,2,11,-74.7568979,10.7906744,3,,,,,,,
17137306,101HQF0000,2,1,2,100,1,62371,444,11,Frt72565,,101HQF0000,8433000,2,CL 8 CR 15 - 45 DPL CS4342,0,3,9225,1,13,-74.7730325,10.8609782,3,,,,,,,
17139024,1014U00000,2,1,2,100,1,62371,444,22,Frt72559,,1014U00000,8296000,2,CL 12 CR 16 - 5 P 1 Ap 1 ET7322,0,0,0,3,88,-74.8864301,10.8973579,3,,,,,,,
17140407,0341,1,2,2,101,1,62371,444,12,Frt80610,0341,,8001000,2,CR 52 CL 79 - 249 CS 1 CM8908,0,0,0,7,63,-74.8131534,11.0137506,3,,,,,,,
17146377,100J8R0000,2,1,2,0,1,62371,444,12,Frt57328,,100J8R0000,8001000,2,CR 60 CL 79 - 135 DPL CJ3128,0,0,0,8,48,-74.8058052,11.0099776,3,,,,,,,
17147313,100JD30000,2,1,2,100,1,62371,444,22,Frt78472,,100JD30000,8078000,2,CL 17 No 19 - 8 P 1 Ap 1 CQ4284,0,0,0,8,119,-74.9138072,10.7958965,3,,,,,,,
17147324,100DZY0000,2,1,2,100,1,62371,444,22,Frt78465,,100DZY0000,8078000,2,CR 19 No 17 - 38 P 1 Ap 2 CQ4905,0,0,0,8,117,-74.9150778,10.7958026,3,,,,,,,
17147541,101MB60000,2,1,2,100,1,62371,444,12,Frt68416,,101MB60000,8001000,2,CL 84 CR 66 - 36 DPL CJ2808,0,0,0,8,50,-74.8091453,11.0138658,3,,,,,,,
17149558,1015LZ0000,2,1,2,100,1,62371,444,22,Frt59555,,1015LZ0000,8638000,2,CL 20 CR 18 - 41 DPL CV7300,0,0,0,8,103,-74.9193742,10.6327334,3,,,,,,,
17154558,100B3U0000,2,1,2,100,1,62371,444,12,Frt68460,,100B3U0000,8001000,2,CR 51B CL 82 - 283 DPL CM8344,0,0,0,8,84,-74.8173331,11.0059272,3,,,,,,,
17155365,1014ZZ0000,2,1,2,100,1,62371,444,22,Frt60515,,1014ZZ0000,8638000,2,CL 22 CR 18 - 81 DPL CV8073,0,0,0,8,102,-74.9210833,10.6328283,3,,,,,,,
17155421,1005TM0000,2,1,2,100,1,62371,444,22,Frt80193,,1005TM0000,8638000,2,CL 25 No 9 - 102 DPL CW7845,0,0,0,8,101,-74.9242276,10.6264649,3,,,,,,,
17172242,100A820000,2,1,2,100,1,62371,444,22,Frt71373,,100A820000,8675000,2,CL 7 No CR 7 - 81 DPL EP7163,0,3,9409,8,8,-74.9605835,10.3240049,3,,,,,,,
17202246,1010WF0000,2,1,2,100,1,62371,444,12,Frt85115,,1010WF0000,8001000,2,CL 74 CR 43 - 25 P 1 LOC 1 CE9905,0,0,0,7,78,-74.8095609,10.9930644,3,,,,,,,
17202250,100H3D0000,2,1,2,100,2,62371,444,12,Frt68316,,100H3D0000,8001000,2,CL 74 CR 43 - 67 P 1 LOC 8 CE9951,0,0,0,8,76,-74.8091967,10.9937975,3,,,,,,,
17202258,100H3D0000,2,1,2,100,2,62371,444,12,Frt68570,,100H3D0000,8001000,2,CL 74 CR 43 - 67 P 1 LOC 9 CE9952,0,0,0,8,76,-74.8091967,10.9937975,3,,,,,,,
17202886,100EEH0000,2,1,2,100,1,62371,444,32,Frt72395,,100EEH0000,8078000,1,Cr PITAL A BARANOA No Km 3 - 50 DPL N4565,9,0,0,8,129,-74.9159661,10.8425622,3,,,,,,,
17205065,0381,1,2,2,101,2,62371,444,12,Frt35408,0381,,8001000,2,CR 43 69 176 LOC QENE,0,0,0,7,109,-74.8174296,10.981599,3,,,,,,,
17206985,1008PH0000,2,1,2,100,1,62371,444,21,Frt72543,,1008PH0000,8372000,2,CL 6 CR 3 - 5 DPL EQ6265,0,0,0,3,49,-75.0313595,10.8312721,3,,,,,,,
17208036,10224E0000,2,1,2,100,1,62371,444,12,Frt68422,,10224E0000,8001000,2,CR 60 CL 70 - 130 DPL CH8104,0,0,0,8,38,-74.7968745,11.0021885,1,1.0,20.0,1.0,AGPE0001,29-10-2024,2.0,
17208124,100NPM0000,2,1,2,0,1,62371,444,12,Frt80181,,100NPM0000,8001000,2,CR 65 CL 72 - 11 P 1 Ap 01 CI5510,0,0,0,8,27,-74.7946483,11.0048243,3,,,,,,,
17210383,1010W10000,2,1,2,100,1,62371,444,12,Frt52989,,1010W10000,8001000,2,CL 73 No 41B - 146 ENTR 1 P 1 LOC 6 CF6090,0,0,0,8,76,-74.8079382,10.9917484,3,,,,,,,
17214433,1012GI0000,2,1,2,100,1,62371,444,22,Frt72564,,1012GI0000,8137000,2,CL 9 CR 11 - 66 DPL EU8295,0,3,9409,2,9,-74.8843103,10.3779643,3,,,,,,,
17215788,1010W10000,2,1,2,100,1,62371,444,12,Frt58867,,1010W10000,8001000,2,CR 43 CL 72 - 27 P 1 Ap 05 CF8302,0,0,0,8,76,-74.8079382,10.9917484,3,,,,,,,
17216214,102X3U0000,2,1,2,100,1,62371,444,12,Frt72520,,102X3U0000,8001000,2,CR 62 CL 75 - 36 BLO 1 P 1 Ap 01 CI8847,0,0,0,8,36,-74.7978815,11.0062088,3,,,,,,,
17217612,1014S30000,2,1,2,100,1,62371,444,22,Frt80249,,1014S30000,8573000,2,CL 2 CR 7 - 4 P 1 Ap 1 DS990,0,0,0,8,6,-74.957665,10.9892293,3,,,,,,,
17218840,100BMI0000,2,1,2,100,1,62371,444,12,Frt56888,,100BMI0000,8001000,2,CR 59 CL 72 - 38 DPL CE8410,0,0,0,7,58,-74.7978616,11.0017432,3,,,,,,,
17221444,100FHU0000,2,1,2,100,2,62371,444,12,Frt72539,,100FHU0000,8001000,2,CR 53 CL 74 - 86 BLO 01 P 01 Ap 06 CE5321,0,0,0,8,59,-74.80376,11.0004998,3,,,,,,,
17221581,100RX50000,2,1,2,100,1,62371,444,12,Frt49703,,100RX50000,8001000,2,CR 58 CL 72 - 110,0,0,0,8,41,-74.7990066,11.002301,3,,,,,,,
17221648,1010PH0000,2,1,2,100,1,62371,444,12,Frt68318,,1010PH0000,8001000,2,CR 70 CL 75 - 51 DPL CJ1034,0,0,0,8,23,-74.7960521,11.0102268,3,,,,,,,
17221658,100B020000,2,1,2,100,1,62371,444,12,Frt67667,,100B020000,8001000,2,CR 68 CL 75 - 40 DPL CJ915,0,0,0,7,22,-74.7959031,11.0091333,3,,,,,,,
17221659,100B020000,2,1,2,100,1,62371,444,12,Frt65214,,100B020000,8001000,2,CR 68 CL 75 - 50 DPL CJ923,0,0,0,8,22,-74.7959031,11.0091333,3,,,,,,,
17222011,1021YB0000,2,1,2,100,1,62371,444,12,Frt60188,,1021YB0000,8001000,2,CL 38 CR 43 - 131 DPL BA9499,0,0,0,8,20,-74.7804871,10.9826013,3,,,,,,,
17222084,100IS00000,2,1,2,0,1,62371,444,12,Frt46970,,100IS00000,8001000,2,CR 73 75-147,0,0,0,8,18,-74.7948035,11.0122817,3,,,,,,,
17223961,100DE10000,2,1,2,100,1,62371,444,12,Frt65222,,100DE10000,8001000,2,CL 71 CR 41 - 71 DPL CF4934,0,0,0,8,76,-74.8072747,10.9898155,3,,,,,,,
17224276,100JO00000,2,1,2,0,1,62371,444,12,Frt60142,,100JO00000,8001000,2,CL 72 CR 52 - 64 P 1 Ap 02 CE2855,0,0,0,8,55,-74.8023546,10.9982161,3,,,,,,,
17226978,10111H0000,2,1,2,100,1,62371,444,12,Frt72405,,10111H0000,8001000,2,CR 50 CL 69 - 86 DPL CE3795,0,0,0,8,56,-74.8019372,10.9959029,3,,,,,,,
17226979,10111H0000,2,1,2,100,1,62371,444,12,Frt72401,,10111H0000,8001000,2,CR 50 CL 69 - 68 DPL CE3794,0,0,0,8,56,-74.8019372,10.9959029,3,,,,,,,
17226988,100H6J0000,2,1,2,100,1,62371,444,12,Frt72357,,100H6J0000,8001000,2,CR 52 CL 69 - 67 DPL CE4060,0,0,0,8,54,-74.8009495,10.996068,3,,,,,,,
17226989,100H6J0000,2,1,2,100,1,62371,444,12,Frt72367,,100H6J0000,8001000,2,CR 52 CL 69 - 79 DPL CE4061,0,0,0,8,54,-74.8009495,10.996068,3,,,,,,,
17227338,100KD80000,2,1,2,100,1,62371,444,12,Frt86869,,100KD80000,8001000,2,CL 94 No 42F - -173 DPL CN5984,0,0,0,5,130,-74.8304296,11.0000194,1,1.0,20.0,1.0,AGPE0001,20-06-2025,2.0,
17227894,101LF90000,2,1,2,0,1,62371,444,12,Frt80339,,101LF90000,8001000,2,CR 40 CL 34 - 6 BLO 1 P 1 Ap 5 BQ975,0,0,0,8,15,-74.7787768,10.978926,3,,,,,,,
17229578,1010XO0000,2,1,2,100,1,62371,444,12,Frt57828,,1010XO0000,8001000,2,CR 52 CL 75 - 61 DPL CM8406,0,0,0,8,57,-74.8059491,11.0014709,3,,,,,,,
17230632,100GW60000,2,1,2,0,2,62371,444,12,Frt74850,,100GW60000,8001000,2,CR 43 CL 36 - 23 P 1 Ap 4 BQ2242,0,0,0,8,15,-74.7799078,10.9813551,3,,,,,,,
17230644,100GW60000,2,1,2,0,2,62371,444,12,Frt70763,,100GW60000,8001000,2,CR 43 CL 36 - 23 P 1 Ap 13 BQ2226,0,0,0,8,15,-74.7799078,10.9813551,3,,,,,,,
17232258,1010XB0000,2,1,2,100,1,62371,444,12,Frt43925,,1010XB0000,8001000,2,CL 70 47 30 LOC QIEN,0,0,0,8,60,-74.8028662,10.9941561,3,,,,,,,
17233030,0448,1,2,2,101,2,62371,444,12,Frt69516,0448,,8758000,2,CL 27 No CR 49 - 44 P 1 LOC 1 DG7300,0,0,0,8,29,-74.7861756,10.9495157,1,2.0,40.0,1.0,AGPE0001,23-06-2023,2.0,
17233757,100DMF0000,2,1,2,100,1,62371,444,12,Frt80243,,100DMF0000,8001000,2,CR 38 CL 71 - 68 DPL CF7103,0,0,0,8,105,-74.8105027,10.9853874,3,,,,,,,
17234671,100EIO0000,2,1,2,0,2,62371,444,12,Frt89330,,100EIO0000,8001000,2,CR 58 CL 75 - 12 BLO 1 P 2 Ap 02 CN2922,0,0,0,8,46,-74.8006501,11.0046384,3,,,,,,,
17234736,100IN40000,2,1,2,100,1,62371,444,12,Frt80283,,100IN40000,8001000,2,CL 19 CR 4 - 10 DPL BA6485,0,0,0,8,20,-74.7776469,10.9418202,3,,,,,,,
17235449,100BW10000,2,1,2,100,1,62371,444,12,Frt65491,,100BW10000,8001000,2,CL 30 CR 41 - 27 P 1 Ap 1 BA5698,0,0,0,8,7,-74.7759125,10.9786614,3,,,,,,,
17237240,100M4I0000,2,1,2,100,1,62371,444,12,Frt67569,,100M4I0000,8001000,2,CR 60 CL 79 - 18 P 1 LOC 02 CJ3109,9,0,0,8,46,-74.8052104,11.0099429,3,,,,,,,
17237812,100LUA0000,2,1,2,100,1,62371,444,12,Frt67687,,100LUA0000,8001000,2,CR 53 CL 68 - 150 DPL CE4880,0,0,0,8,52,-74.7993039,10.9966052,3,,,,,,,
17240117,100TH10000,2,1,2,0,1,62371,444,12,Frt56307,,100TH10000,8001000,2,CR 43 CL 68 - 78 DPL CF103,0,0,0,8,57,-74.8026162,10.9891758,3,,,,,,,
17240416,100BMV0000,2,1,2,100,1,62371,444,12,Frt18602,,100BMV0000,8001000,2,CL 72 52 35 LOC DICE,0,0,0,7,55,-74.8025932,10.9985139,3,,,,,,,
17241215,102S1D0000,2,1,2,100,1,62371,444,12,Frt65615,,102S1D0000,8001000,2,CL 36 CR 41 - 35 P 1 Ap 08 BA8237,0,0,0,8,17,-74.7798875,10.9805145,3,,,,,,,
17242573,100GH40000,2,1,2,0,2,62371,444,12,Frt83757,,100GH40000,8001000,2,CR 45 CL 53 - 47 P 1 Ap 02 CB3522,0,0,0,8,34,-74.7899954,10.9874788,3,,,,,,,
17244602,100RTD0000,2,1,2,0,2,62371,444,12,Frt65118,,100RTD0000,8001000,2,CR 43 CL 2 - 215 DPL BA4826,0,0,0,8,4,-74.7636983,10.9824406,3,,,,,,,
17244812,101KVE0000,2,1,2,100,1,62371,444,12,Frt85120,,101KVE0000,8001000,2,CR 44 CL 76 - 112 DPL CH2536,0,0,0,7,76,-74.811718,10.9959248,3,,,,,,,
17248602,1014IZ0000,2,1,2,100,1,62371,444,12,Frt56608,,1014IZ0000,8001000,2,CR 49C CL 82 - 134 DPL CM5519,0,0,0,8,92,-74.8171508,11.0025468,3,,,,,,,
17253211,100BNK0000,2,1,2,100,1,62371,444,12,Frt72360,,100BNK0000,8001000,2,CR 56 CL 74 - 160 DPL CE7052,0,0,0,7,62,-74.8023849,11.0031608,3,,,,,,,
17256056,100FL90000,2,1,2,100,2,62371,444,12,Frt51683,,100FL90000,8001000,2,CL 84 CR 51 - 74 DPL CM4585,0,0,0,8,86,-74.8150319,11.0040797,3,,,,,,,
17258860,100EDS0000,2,1,2,100,1,62371,444,12,Frt18596,,100EDS0000,8001000,2,CL 36 41 70 LOC DICE,0,0,0,7,16,-74.7797425,10.9811024,3,,,,,,,
17264552,102QVB0000,2,1,2,100,1,62371,444,12,Frt85446,,102QVB0000,8001000,2,CR 44 CL 45 - 57 DPL CD4556,0,0,0,8,30,-74.786269,10.984801,3,,,,,,,
17265057,102Y6G0000,2,1,2,100,1,62371,444,12,Frt74084,,102Y6G0000,8758000,2,CL 18 CR 21 - 17 DPL DE7578,9,0,0,8,12,-74.7653496,10.9166901,3,,,,,,,
17267085,100NC10000,2,1,2,100,1,62371,444,12,Frt74274,,100NC10000,8001000,2,D 77D CR 15D - 92 DPL BA8216,0,3,9595,1,48,-74.82289,10.9705323,3,,,,,,,
17267390,1015CE0000,2,1,2,100,1,62371,444,12,Frt67668,,1015CE0000,8001000,2,CR 60 CL 77 - 21 DPL CI8716,0,0,0,8,31,-74.8011347,11.0082893,3,,,,,,,
17270603,102S4O0000,2,1,2,100,1,62371,444,12,Frt65226,,102S4O0000,8001000,2,CR 47 CL 82 - 170 DPL CM4893,0,0,0,8,19,-74.8179826,11.0021923,3,,,,,,,
17270901,0340,1,2,2,101,2,62371,444,12,Frt76619,0340,,8001000,2,CR 49C CL 80 - 161 DPL CH4926,0,0,0,8,63,-74.8131534,11.0137506,3,,,,,,,
17271293,102RWP0000,2,1,2,0,1,62371,444,12,Frt59942,,102RWP0000,8001000,2,CR 50 CL 82 - 131 DPL CM6404,0,0,0,8,82,-74.8163294,11.0033443,3,,,,,,,
17273109,100CFC0000,2,1,2,100,1,62371,444,12,Frt52324,,100CFC0000,8758000,2,CR 30 CL 28A - 180 DPL EF9193,0,3,4251,8,19,-74.7762879,10.9278206,3,,,,,,,
17275904,101KPZ0000,2,1,2,100,1,62371,444,12,Frt58863,,101KPZ0000,8001000,2,CR 43B CL 82 - 221 BLO 1 P 1 Ap 3 CO259,0,0,0,8,98,-74.8196781,10.999657,3,,,,,,,
17275927,0446,1,2,2,101,2,62371,444,12,Frt70773,0446,,8001000,2,CL 30 CR 19 - 128 DPL BO6804,0,0,0,7,29,-74.7861756,10.9495157,3,,,,,,,
17278757,101M9G0000,2,1,2,100,1,62371,444,12,Frt56310,,101M9G0000,8001000,2,CR 43B CL 80 - 88 ARCO 01 CH2368,0,0,0,8,84,-74.8156283,10.9973617,3,,,,,,,
17280279,1012ML0000,2,1,2,100,1,62371,444,12,Frt56432,,1012ML0000,8001000,2,CL 76 CR 52 - 53 P 1 LOC L1 CM3286,0,0,0,8,54,-74.8058519,11.0028723,3,,,,,,,
17281694,100BZ80000,2,1,2,100,1,62371,444,12,Frt65221,,100BZ80000,8001000,2,CR 51B CL 93 - 195 DPL DR1019,0,0,0,8,103,-74.8274523,11.009428,3,,,,,,,
17282219,100DK90000,2,1,2,100,1,62371,444,12,Frt60162,,100DK90000,8001000,2,CR 48 CL 76 - 147 DPL CH4545,0,0,0,8,68,-74.8099221,10.9985868,3,,,,,,,
17285988,1012ML0000,2,1,2,100,1,62371,444,12,Frt69617,,1012ML0000,8001000,2,CR 53 CL 76 - 41 BLO 1 P 1 Ap 02 CM9778,0,0,0,8,54,-74.8058519,11.0028723,3,,,,,,,
17289767,0209,1,2,2,101,2,62371,444,12,Frt69518,0209,,8001000,2,CR 70 CL 81 - 110 P 1 OFI 2 CJ4425,0,0,0,8,7,-74.8072347,11.0293717,1,2.0,20.0,1.0,AGPE0001,22-06-2023,2.0,
17292889,100N8R0000,2,1,2,100,1,62371,444,12,Frt51481,,100N8R0000,8001000,2,CL 19 CR 5A - 6 P 1 Ap 02 BA6604,0,0,0,8,19,-74.7793058,10.9470685,3,,,,,,,
17299459,102SAH0000,2,1,2,100,1,62371,444,12,Frt58776,,102SAH0000,8001000,2,CL 36B CR 7H - 37 DPL BA9046,0,0,0,8,44,-74.7928873,10.9457535,3,,,,,,,
17305185,1015DW0000,2,1,2,100,1,62371,444,12,Frt83761,,1015DW0000,8001000,2,CR 10C CL 44B - 6 LOC 1 BI7229,0,0,0,8,45,-74.7988276,10.9509194,3,,,,,,,
17307082,100MJW0000,2,1,2,100,1,62371,444,12,Frt83746,,100MJW0000,8001000,2,CL 84 CR 56 - 23 BLO 1 P 1 Ap 01 CM4752,9,0,0,8,68,-74.8140375,11.0089364,3,,,,,,,
17309428,0037,1,2,2,101,2,62371,444,32,Frt72416,0037,,8078000,2,CR 15 No CL 18 - 2 DPL CQ6293,4,0,0,7,101,-74.9087264,10.7738576,3,,,,,,,
17309442,0108,1,2,2,101,2,62371,444,12,Frt66979,0108,,8001000,2,CL 57 CR 25 - 105 P 1 Ap 2 BW1804,0,0,0,8,39,-74.7900594,10.9761106,3,,,,,,,
17317026,0450,1,2,2,101,2,62371,444,12,Frt64940,0450,,8001000,2,CL 45 CR 14 - 99 P 0 BI6253,0,0,0,8,29,-74.7861756,10.9495157,3,,,,,,,
17320735,0347,1,2,2,101,2,62371,444,12,Frt80608,0347,,8001000,2,CR 51B CL 87 - 99 INT 2 CM677,9,0,0,8,63,-74.8131534,11.0137506,1,1.0,100.0,1.0,AGPE0001,26-05-2020,2.0,
17326009,102RDJ0000,2,1,2,100,1,62371,444,12,Frt72540,,102RDJ0000,8001000,2,CL 56 TR 6 - 20 DPL BG7820,0,3,9703,8,70,-74.8120988,10.9498664,3,,,,,,,
17327763,102Y9P0000,2,1,2,100,1,62371,444,12,Frt60513,,102Y9P0000,8001000,2,CR 8 CL 44 - 58 DPL BI4310,0,0,0,8,46,-74.7995948,10.9466146,3,,,,,,,
17333513,100PVM0000,2,1,2,100,1,62371,444,12,Frt72556,,100PVM0000,8001000,2,CL 45 CR 1A - 64 DPL BA933,0,0,0,8,47,-74.7990911,10.9311849,3,,,,,,,
17333773,101GNI0000,2,1,2,100,1,62371,444,11,Frt49570,,101GNI0000,47001000,2,CL 15 CR 5 - 9 DPL AO4142,0,0,0,8,11,-74.2102285,11.2440196,3,,,,,,,
17334374,1022GR0000,2,1,2,100,1,62371,444,11,Frt57951,,1022GR0000,47001000,2,CL 22 CR 14 - 6 DPL AU4514,0,0,0,8,11,-74.2015994,11.2380115,3,,,,,,,
17337021,1006GE0000,2,1,2,0,1,62371,444,11,Frt70770,,1006GE0000,47001000,2,CR 4 No CL 18 - 37 ENTR 4 P 1 Ap 3 AO136,0,0,0,8,7,-74.2116197,11.242229,3,,,,,,,
17338717,100HB70000,2,1,2,0,1,62371,444,11,Frt84745,,100HB70000,47001000,2,CR 2 No CL 6 - 38 DPL AK9233,0,0,0,8,9,-74.2266934,11.2059254,3,,,,,,,
17339646,10220F0000,2,1,2,100,1,62371,444,11,Frt59550,,10220F0000,47001000,2,CL 14 CR 20 - 11 Ap 1 AT4035,0,0,0,8,16,-74.1912067,11.2411525,3,,,,,,,
17343638,100FIC0000,2,1,2,0,1,62371,444,12,Frt11551,,100FIC0000,8001000,2,CR 52 72 166,0,0,0,7,60,-74.8041045,10.9992063,3,,,,,,,
17344012,101GVV0000,2,1,2,100,1,62371,444,11,Frt60319,,101GVV0000,47001000,2,CR 5 No CL 13 - 25 DPL AO479,0,0,0,8,9,-74.2101647,11.2446434,3,,,,,,,
17347072,1006EO0000,2,1,2,100,1,62371,444,11,Frt60121,,1006EO0000,47001000,2,CL 17 No CR 5 - 12 DPL AO4983,0,0,0,8,11,-74.2103014,11.2431879,3,,,,,,,
17347084,1006FN0000,2,1,2,100,1,62371,444,11,Frt67685,,1006FN0000,47001000,2,CR 1C No CL 18 - 67 Ap 02 AO6136,0,0,0,8,6,-74.2150356,11.2424264,3,,,,,,,
17348252,1006GC0000,2,1,2,100,1,62371,444,11,Frt59886,,1006GC0000,47001000,2,CL 19 No CR 4 - 80 DPL AO5901,0,0,0,8,10,-74.2111251,11.2421479,1,1.0,36.0,1.0,AGPE0001,18-08-2023,2.0,
17349392,1015700000,2,1,2,100,2,62371,444,11,Frt51982,,1015700000,47001000,2,CR 8 No CL 13 - 41 ENTR 4 Ap 3 AO1170,0,0,0,8,9,-74.2072342,11.244726,3,,,,,,,
17351065,1014GQ0000,2,1,2,100,1,62371,444,11,Frt58715,,1014GQ0000,47001000,2,CR 5 No CL 19 - 34 DPL AO550,0,0,0,8,10,-74.2106944,11.2414791,3,,,,,,,
17352740,100H3Z0000,2,1,2,100,2,62371,444,11,Frt52697,,100H3Z0000,47001000,2,Cr A GAIRA No Km 2 - 14 Ap 4 BA517,0,0,0,7,14,-74.2094267,11.1911615,3,,,,,,,
17355556,1007IS0000,2,1,2,0,1,62371,444,11,Frt60120,,1007IS0000,47001000,2,CARRT 90 No KM 2 - 115 Ap 1 AP9710,0,0,0,7,26,-74.1748445,11.2210977,3,,,,,,,
17358375,0735,1,2,2,101,2,62371,444,11,Frt86211,0735,,47001000,2,CR 1C CL 22 - 110 DPL AM4195,0,0,0,8,12,-74.2037836,11.2365524,3,,,,,,,
17362292,1023OV0000,2,1,2,100,1,62371,444,11,Frt82942,,1023OV0000,47001000,2,CL 18 No CR 3 - 75 DPL AO5380,0,0,0,6,7,-74.2113818,11.2427444,3,,,,,,,
17365046,100N5O0000,2,1,2,100,1,62371,444,11,Frt82941,,100N5O0000,47001000,2,CL 18 CR 3 - 18 DPL AO5364,0,0,0,7,7,-74.2127828,11.2424545,3,,,,,,,
17367539,1487,1,2,2,101,2,62371,444,11,Frt55789,1487,,47001000,2,CL 10C No CR 2 - 76 DPL AO8497,0,0,0,8,12,-74.2037836,11.2365524,3,,,,,,,
17367674,10074O0000,2,1,2,100,1,62371,444,11,Frt56815,,10074O0000,47001000,2,CL 12 CR 16E - 20 DPL AT7808,0,0,0,6,15,-74.196354,11.2429224,3,,,,,,,
17372334,101GVV0000,2,1,2,100,1,62371,444,11,Frt65624,,101GVV0000,47001000,2,CR 5 No CL 13 - 33 Ap 1 AO480,0,0,0,8,9,-74.2101647,11.2446434,3,,,,,,,
17373517,101GNN0000,2,1,2,100,1,62371,444,11,Frt60440,,101GNN0000,47001000,2,CR 8 No CL 18 - 14 DPL AO1222,9,0,0,7,10,-74.2073153,11.2417156,3,,,,,,,
17379921,1009UW0000,2,1,2,100,1,62371,444,22,Frt72468,,1009UW0000,47555000,2,CR 15 No 8 - 50 DPL DO3053,0,0,0,8,20,-74.7869594,9.792591,3,,,,,,,
17380815,1011SG0000,2,1,2,100,1,62371,444,22,Frt71101,,1011SG0000,47053000,2,CL 8 No 3 - 49 DPL DI7887,0,0,0,8,34,-74.1907669,10.5933414,3,,,,,,,
17386519,1011T30000,2,1,2,100,1,62371,444,22,Frt72719,,1011T30000,47555000,2,CR 18 CL 12 - 25 DPL DO523,0,0,0,2,19,-74.7800132,9.7921172,3,,,,,,,
17402549,1015MA0000,2,1,2,100,1,62371,444,22,Frt68406,,1015MA0000,47288000,2,CL 4 CR 8 - 4 DPL DL6156,0,0,0,7,44,-74.1858816,10.5228712,3,,,,,,,
17407517,1012EG0000,2,1,2,0,1,62371,444,22,Frt87776,,1012EG0000,47053000,2,CR 3 No CL 1 - 105 DPL DP9847,4,0,0,7,36,-74.1894021,10.5841024,3,,,,,,,
17407520,0017,1,2,2,101,2,62371,444,22,Frt80212,0017,,47053000,1,CL PRINCIPAL No CR 1 - 302 DPL DP9630,4,0,0,7,34,-74.1919711,10.5879445,3,,,,,,,
17408454,1007DD0000,2,1,2,100,1,62371,444,22,Frt69724,,1007DD0000,47288000,2,CL 6 No CR 9 - 12 DPL DL6656,0,0,0,8,46,-74.1845381,10.5212986,3,,,,,,,
17408456,100XCI0000,2,1,2,0,1,62371,444,22,Frt74094,,100XCI0000,47288000,2,CR 9 CL 5 - 86 DPL DL8197,0,0,0,8,43,-74.1869865,10.5212797,3,,,,,,,
17410816,100PI40000,2,1,2,100,1,62371,444,22,Frt60543,,100PI40000,47551000,2,CL 8 No 14 - 20 DPL DN6243,0,0,0,8,6,-74.6165632,10.4639631,3,,,,,,,
17411386,1007DD0000,2,1,2,100,1,62371,444,22,Frt59429,,1007DD0000,47288000,2,CR 7A No CL 6 - 6 DPL DL7761,0,0,0,8,46,-74.1845381,10.5212986,3,,,,,,,
17414301,101HNF0000,2,1,2,100,1,62371,444,22,Frt70688,,101HNF0000,47288000,2,CR 8 No CL 6 - 15 DPL DL7964,0,0,0,8,45,-74.1855522,10.5214158,3,,,,,,,
17423283,1015MA0000,2,1,2,100,1,62371,444,22,Frt58007,,1015MA0000,47288000,2,CR 8 No CL 5 - 26 DPL DL7925,0,0,0,8,44,-74.1858816,10.5228712,3,,,,,,,
17427080,10068S0000,2,1,2,100,1,62371,444,11,Frt71469,,10068S0000,47001000,2,CL 22 CR 19 - 52 DPL AS248,0,0,0,8,14,-74.1941811,11.2364052,3,,,,,,,
17457455,1006DK0000,2,1,2,100,1,62371,444,11,Frt43726,,1006DK0000,47001000,2,CL 32 3 94 LOC QIEN,0,0,0,7,5,-74.2141607,11.2317502,3,,,,,,,
17465011,1006PO0000,2,1,2,100,1,62371,444,11,Frt86834,,1006PO0000,47001000,2,CR 2 CL 7 - 26 ENTR 1 P 01 Ap 1D AK9261,0,0,0,8,9,-74.226684,11.2053559,3,,,,,,,
17470299,100B1S0000,2,1,2,100,1,62371,444,12,Frt71068,,100B1S0000,8001000,2,CR 49C CL 84 - 16 BLO 1 P 1 LOC 2 CM1821,0,0,0,8,92,-74.8185891,11.0032755,3,,,,,,,
17476085,100WN20000,2,1,2,100,1,62371,444,12,Frt32703,,100WN20000,8001000,2,CR 53 85 61 LOC VTI,0,0,0,7,83,-74.8174764,11.0083766,3,,,,,,,
17478369,1009N30000,2,1,2,100,1,62371,444,32,Frt59950,,1009N30000,8770000,1,CARRT ORIENTAL No KM 3 - 600 DPL DH3403,0,3,9409,7,8,-74.8978459,10.2946906,3,,,,,,,
17478978,100M440000,2,1,2,0,1,62371,444,32,Frt74836,,100M440000,8638000,1,Cr A CGTO CAMPECHE No Km 6 - 501 DPL EM1257,0,0,0,7,95,-74.9052966,10.7055857,3,,,,,,,
17484843,100RQ10000,2,1,2,0,1,62371,444,12,Frt56340,,100RQ10000,8001000,2,CR 43 CL 95 - 20 DPL CN7231,0,0,0,8,120,-74.829567,11.0026159,3,,,,,,,
17487219,102RXW0000,2,1,2,100,1,62371,444,12,Frt65223,,102RXW0000,8001000,2,CR 46 CL 96 - 20 DPL CN4481,0,0,0,8,49,-74.8286413,11.0056284,3,,,,,,,
17489485,100GZ10000,2,1,2,100,1,62371,444,12,Frt80289,,100GZ10000,8001000,2,CR 46 CL 61 - 51 BLO 1 P 1 Ap 02 CB4338,0,0,0,8,42,-74.7971574,10.9904994,3,,,,,,,
17489688,100BL20000,2,1,2,100,1,62371,444,12,Frt45077,,100BL20000,8001000,2,CR 54 55 105 LOC DICE,0,0,0,8,35,-74.7924339,10.9932857,3,,,,,,,
17493843,101LR60000,2,1,2,100,1,62371,444,12,Frt80221,,101LR60000,8001000,2,CR 38 CL 70B - 117 DPL BA9301,0,0,0,8,103,-74.810319,10.9850985,3,,,,,,,
17494150,100D0D0000,2,1,2,100,1,62371,444,12,Frt70719,,100D0D0000,8001000,2,CL 30 CR 33 - 8 LOC 6 BO8630,0,0,0,8,15,-74.7794193,10.9720543,3,,,,,,,
17499868,100Z5G0000,2,1,2,0,1,62371,444,12,Frt56421,,100Z5G0000,8001000,2,CR 59 CL 85 - 84 DPL CK6405,0,0,0,6,71,-74.8149967,11.0120166,3,,,,,,,
17500479,100VLB0000,2,1,2,100,1,62371,444,12,Frt67478,,100VLB0000,8001000,2,CR 53 CL 61 - 35 DPL CE4710,0,0,0,8,35,-74.7949529,10.9945092,3,,,,,,,
17503238,0292,1,2,2,101,2,62371,444,12,Frt60438,0292,,8001000,2,CL 64 CR 50 - 155 DPL CE1738,9,0,0,8,20,-74.7948632,11.0086761,3,,,,,,,
17506145,101L4O0000,2,1,2,100,1,62371,444,12,Frt58026,,101L4O0000,8001000,2,CL 48 CR 67B - 5 DPL CJ7990,0,0,0,3,8,-74.786333,11.0017069,3,,,,,,,
17506201,100FS70000,2,1,2,0,2,62371,444,12,Frt56537,,100FS70000,8001000,2,CR 45B CL 90 - 210 P 1 OFI 1B CN3960,0,0,0,8,109,-74.8263033,11.0036816,3,,,,,,,
17512707,0380,1,2,2,101,1,62371,444,12,Frt45573,0380,,8001000,2,CL 68 29 122 LOC QIEN,0,0,0,7,109,-74.8174296,10.981599,3,,,,,,,
17641597,100MX50000,2,1,2,100,1,62371,444,12,Frt71099,,100MX50000,8001000,2,CR 53 CL 79 - 103 P 1 LOC 1 CM9946,0,0,0,7,65,-74.8093059,11.0047262,3,,,,,,,
17670641,100H4V0000,2,1,2,0,2,62371,444,12,Frt78422,,100H4V0000,8001000,2,CR 53 No 98 - 3 P 1 LOC 138- DT3747,0,0,0,8,91,-74.8276551,11.0136581,3,,,,,,,
17670658,100H4V0000,2,1,2,0,2,62371,444,12,Frt68380,,100H4V0000,8001000,2,CR 53 CL 98 - 3 P 2 LOC 201B DT3769,0,0,0,7,91,-74.8276551,11.0136581,3,,,,,,,
17670661,100H4V0000,2,1,2,0,2,62371,444,12,Frt76784,,100H4V0000,8001000,2,CR 53 No 98 - 3 P 2 LOC 203- DT3774,0,0,0,8,91,-74.8276551,11.0136581,3,,,,,,,
17673466,100H4V0000,2,1,2,0,2,62371,444,12,Frt72435,,100H4V0000,8001000,2,CR 53 CL 98 - 3 P 2 LOC 206 DT3776,0,0,0,8,91,-74.8276551,11.0136581,3,,,,,,,
18019826,100HEF0000,2,1,2,0,2,62371,444,12,Frt70764,,100HEF0000,44001000,2,CR 7 CL 3 - 8 P 5 Ap 3A C4762,0,0,0,8,6,-72.9087634,11.5514679,3,,,,,,,
18025373,0336,1,2,2,101,2,62371,444,12,Frt83727,0336,,44001000,2,CR 1 CL 11 - 20 DPL EB1546,4,0,0,7,8,-72.8975636,11.5389011,3,,,,,,,
18034308,100IH50000,2,1,2,100,1,62371,444,12,Frt65481,,100IH50000,44430000,2,CL 13 CR 10 - 65 P 1 LOC 01 DY5259,0,3,9402,8,55,-72.2377665,11.3785229,3,,,,,,,
18045779,100JBL0000,2,1,2,100,1,62371,444,12,Frt57927,,100JBL0000,44001000,2,CR 7 CL 27A - 19 DPL EB6177,0,0,0,8,14,-72.9005807,11.5333581,3,,,,,,,
18056978,0336,1,2,2,101,2,62371,444,12,Frt80209,0336,,44001000,2,CL 11A CR 18A - 55 DPL ED28,4,3,9501,7,8,-72.8975636,11.5389011,3,,,,,,,
18061654,1008240000,2,1,2,100,1,62371,444,12,Frt57925,,1008240000,44001000,2,CL 13 CR 11 - 16 DPL EC4564,0,0,0,3,8,-72.9124018,11.5449298,3,,,,,,,
18079800,0295,1,2,2,101,2,62371,444,12,Frt64939,0295,,8001000,2,CR 54 CL 64 - 223 LOC 2 CE5953,9,0,0,8,20,-74.7948632,11.0086761,3,,,,,,,
18079802,0295,1,2,2,101,2,62371,444,12,Frt65626,0295,,8001000,2,CL 68 CR 53 - 56 LOC 4 CE2254,9,0,0,8,20,-74.7948632,11.0086761,3,,,,,,,
18090691,100JDR0000,2,1,2,100,1,62371,444,21,Frt68332,,100JDR0000,44279000,2,CL 13 No CR 17 - 44 P 1 LOC 01 DX171,0,0,0,8,182,-72.8515429,10.8889101,3,,,,,,,
18091201,1009N10000,2,1,2,100,1,62371,444,32,Frt59938,,1009N10000,8770000,1,CARRT A SANTA LUCIA No KM 4 - 50 DPL AV9300,0,3,9409,7,5,-74.9047305,10.2989219,3,,,,,,,
18105543,10082S0000,2,1,2,100,1,62371,444,12,Frt57840,,10082S0000,44001000,2,CL 11A CR 12 - 124 DPL EA8980,0,0,0,8,7,-72.9148481,11.54738,3,,,,,,,
18109327,0513,1,2,2,101,2,62371,444,12,Frt02885,0513,,8001000,2,Cr PRINCIPAL No BDG 12 - 4 BLO 12 BA3544,9,0,0,7,4,-74.7653225,10.9840783,3,,,,,,,
18109581,1015J50000,2,1,2,100,1,62371,444,22,Frt80191,,1015J50000,8638000,2,CR 18 CL 19 - 4 P 1 LOC L2 CV8473,0,0,0,8,98,-74.9192245,10.6314502,3,,,,,,,
18116770,0012,1,2,2,101,2,62371,444,11,Frt02908,0012,,47001000,2,CARRT 90 No KM - 18 DPL AK5670,9,3,9724,7,20,-74.2251284,11.1246242,3,,,,,,,
18139530,100B3U0000,2,1,2,100,1,62371,444,12,Frt68319,,100B3U0000,8001000,2,CR 51B CL 82 - 283 P 2 CS 2 CM8345,0,0,0,5,84,-74.8173331,11.0059272,3,,,,,,,
18144110,0291,1,2,2,101,2,62371,444,12,Frt03210,0291,,8001000,2,V VI 40 CR 71 197 LOC RENO,0,0,0,7,20,-74.7948632,11.0086761,3,,,,,,,
18155288,0238,1,2,2,101,2,62371,444,12,Frt88537,0238,,44430000,2,CR 5 CL 28 - 915 DPL DZ9612,4,3,9402,7,58,-72.2534093,11.3769622,3,,,,,,,
18155631,100CG40000,2,1,2,100,1,62371,444,12,Frt60149,,100CG40000,8001000,2,CR 75 CL 87 - 44 LOC 1 EM4723,0,0,0,8,41,-74.8115612,11.0214172,3,,,,,,,
18156246,101HQZ0000,2,1,2,100,1,62371,444,12,Frt57820,,101HQZ0000,44001000,2,CR 7 CL 12 - 23 DPL EB111,0,0,0,8,10,-72.907738,11.5467729,3,,,,,,,
18166215,100O6L0000,2,1,2,0,1,62371,444,12,Frt69638,,100O6L0000,8001000,2,CR 13 CL 100 - 75 LOC 1 BZ6760,0,0,0,8,32,-74.8334978,10.9651186,3,,,,,,,
18168886,101L2H0000,2,1,2,100,1,62371,444,12,Frt71067,,101L2H0000,8001000,2,CL 79 CR 51 - 36 P 1 LOC 02 CM3536,0,0,0,8,69,-74.8095011,11.002267,3,,,,,,,
18178535,100MX50000,2,1,2,100,1,62371,444,12,Frt70946,,100MX50000,8001000,2,CR 53 CL 79 - 103 LOC 03 CM9944,0,0,0,7,65,-74.8093059,11.0047262,3,,,,,,,
18186127,0458,1,2,2,101,2,62371,444,12,Frt10963,0458,,8758000,2,UTOP L EROPUERTO KM 7 7 LOC EMG,9,0,0,7,38,-74.7930524,10.9281115,3,,,,,,,
18214550,101M650000,2,1,2,100,1,62371,444,31,Frt88427,,101M650000,8372000,1,CR 11 No CL 1 - 30 DPL M7461,0,0,0,8,1,-75.096052,10.874009,3,,,,,,,
18218050,1010XB0000,2,1,2,100,1,62371,444,12,Frt80241,,1010XB0000,8001000,2,CR 47 CL 70 - 10 DPL CF2025,0,0,0,8,60,-74.8028662,10.9941561,3,,,,,,,
18248053,101MNH0000,2,1,2,100,1,62371,444,22,Frt72542,,101MNH0000,8606000,2,CL 8 CR 9 - 39 P 1 Ap 02 EQ9637,0,3,9698,2,12,-75.1258707,10.4943555,3,,,,,,,
18257765,10075Q0000,2,1,2,100,1,62371,444,11,Frt58973,,10075Q0000,47001000,2,CR 8 CL 29 - 25 DPL AN8668,0,0,0,8,11,-74.20417,11.2317455,3,,,,,,,
18262444,100IDN0000,2,1,2,100,1,62371,444,12,Frt80247,,100IDN0000,8001000,2,CR 43 CL 97 - 55 CS 8 CN7367,0,0,0,8,123,-74.8329709,11.002725,3,,,,,,,
18267608,1022CQ0000,2,1,2,100,1,62371,444,11,Frt56301,,1022CQ0000,47001000,2,CL 19 No CR 3 - 45 DPL AO5836,0,0,0,8,6,-74.212473,11.242311,3,,,,,,,
18315928,100IUC0000,2,1,2,100,1,62371,444,12,Frt60306,,100IUC0000,8758000,2,CL 63 KM 4 6,0,0,0,8,45,-74.8027541,10.8873875,3,,,,,,,
18318595,100IUC0000,2,1,2,100,1,62371,444,12,Frt60303,,100IUC0000,8758000,2,CL 63 KM 4 6,0,0,0,8,45,-74.8027541,10.8873875,3,,,,,,,
18325083,0513,1,2,2,101,2,62371,444,12,Frt60523,0513,,8001000,2,CL 1A CR 6 - 11 DPL H6315,0,0,0,8,4,-74.7653225,10.9840783,1,2.0,99.0,1.0,AGPE0001,03-03-2021,2.0,
18330868,1139,1,2,2,101,2,62371,444,12,Frt70992,1139,,8001000,1,Cr A LA PLAYA No VIA FERREA - 1 DPL CK1723,4,3,4220,7,26,-74.849346,11.024253,3,,,,,,,
18336298,1013CW0000,2,1,2,100,1,62371,444,11,Frt78325,,1013CW0000,47001000,2,CR 19 No CL 29 - 7 LOC 8 AV687,0,0,0,7,17,-74.1943442,11.2319845,3,,,,,,,
18337045,100B510000,2,1,2,0,1,62371,444,12,Frt72476,,100B510000,8001000,2,CR 53 CL 76 - 279 LOC ISLA CH7370,0,0,0,8,59,-74.8075659,11.0041067,3,,,,,,,
18345019,100HW30000,2,1,2,0,2,62371,444,12,Frt83758,,100HW30000,44001000,2,CL 1 No CR 7 - 21 LOC 3 EC1652,9,0,0,8,7,-72.9093746,11.5521754,3,,,,,,,
18346078,101HNF0000,2,1,2,100,1,62371,444,22,Frt71097,,101HNF0000,47288000,2,CL 6 No CR 8 - 4 DPL DL6598,0,0,0,8,45,-74.1855522,10.5214158,3,,,,,,,
18346590,1009N00000,2,1,2,100,1,62371,444,32,Frt59558,,1009N00000,8770000,1,CARRT A SANTA LUCIA No KM 4 - 1 P 1 SEGE 1 AV9299,0,3,9409,7,8,-74.9032143,10.2985641,3,,,,,,,
18347522,100GIN0000,2,1,2,0,2,62371,444,12,Frt56523,,100GIN0000,8001000,2,CR 55 CL 80 - 132 Ap 12 CN975,0,0,0,6,97,-74.8111041,11.0067197,3,,,,,,,
18351184,100OMW0000,2,1,2,0,2,62371,444,11,Frt57952,,100OMW0000,47001000,2,SECTOR 1 No L - 1 DPL ES8373,0,0,0,8,22,-74.1768816,11.2338167,3,,,,,,,
18359803,10127L0000,2,1,2,0,1,62371,444,11,Frt89347,,10127L0000,47001000,2,CL 22 CR 21 - 9 DPL AV2967,0,0,0,7,16,-74.1903714,11.2361806,3,,,,,,,
18363847,100GNQ0000,2,1,2,0,2,62371,444,12,Frt66692,,100GNQ0000,8001000,2,CR 43 CL 72 - 110 DPL CF287,0,0,0,8,75,-74.80772,10.9923275,3,,,,,,,
18366549,100JOG0000,2,1,3,0,2,62371,444,11,Frt72300,,100JOG0000,47001000,2,CL 29 No CR 14 - 9 ENTR A1 LOC TL65 AR7745,0,0,0,8,14,-74.199335,11.2320639,3,,,,,,,
18374541,100JLI0000,2,1,2,0,1,62371,444,11,Frt60207,,100JLI0000,47001000,2,CR 1 CL 23 - 40 DPL AM3494,0,0,0,7,7,-74.2160141,11.239515,1,1.0,13.0,1.0,AGPE0001,20-12-2022,2.0,
18375355,0237,1,2,2,101,2,62371,444,11,Frt28252,0237,,8433000,1,CARRETERA A CARACOL KM 2 701,0,0,0,8,13,-74.7693239,10.8383713,3,,,,,,,
18377004,102YKV0000,2,1,2,100,1,62371,444,12,Frt69565,,102YKV0000,44001000,2,CL 17 CR 12C - 43 DPL EC8143,0,0,0,8,10,-72.9143739,11.5379149,3,,,,,,,
18385204,100JOF0000,2,1,3,100,2,62371,444,11,Frt58716,,100JOF0000,47001000,2,CL 29 No CR 14 - 9 LOC TL14 AR7810,0,0,0,8,17,-74.1997747,11.2324524,3,,,,,,,
18385214,100JOF0000,2,1,3,100,2,62371,444,11,Frt89152,,100JOF0000,47001000,2,CL 29 No CR 14 - 9 LOC TL27 AR7812,9,0,0,8,17,-74.1997747,11.2324524,3,,,,,,,
18388021,100JOF0000,2,1,3,100,2,62371,444,11,Frt89153,,100JOF0000,47001000,2,CL 29 No CR 14 - 9 ENTR C2 P2 LOC 31 AR7788,0,0,0,8,17,-74.1997747,11.2324524,3,,,,,,,
18388721,0632,1,3,3,101,2,62371,444,11,Frt06407,0632,,47001000,2,CL 29 No CR 14 - 9 LOC NREG AR7807,0,0,0,8,19,-74.1900756,11.2165661,3,,,,,,,
18388895,100JAP0000,2,1,2,0,2,62371,444,12,Frt69743,,100JAP0000,8001000,2,CL 110 CR 19 - 03,0,0,0,8,27,-74.8388117,10.9682151,3,,,,,,,
18390352,100JIX0000,2,1,3,0,2,62371,444,11,Frt74943,,100JIX0000,47001000,2,CL 14 No DG 34 - 1 LOC 97 ET389,0,0,0,8,27,-74.1732352,11.2283124,3,,,,,,,
18392356,10154A0000,2,1,2,100,1,62371,444,22,Frt80196,,10154A0000,8638000,2,CL 21 CR 18 - 3 LOC 2 CV7763,0,0,0,8,101,-74.9203313,10.6318359,3,,,,,,,
18393262,0298,1,2,2,101,2,62371,444,12,Frt88414,0298,,8001000,2,CR 74 CL 76 - 110 DPL DU8232,0,0,0,8,20,-74.7948632,11.0086761,3,,,,,,,
18394830,0613,1,3,3,101,2,62371,444,11,Frt11150,0613,,47001000,2,CR 2 CL 6 - 80 DPL AJ2707,0,0,0,8,20,-74.2251284,11.1246242,3,,,,,,,
18395381,100N9Q0000,2,1,2,0,1,62371,444,12,Frt69646,,100N9Q0000,8001000,2,CL 49 CR 2 - 75 SEGE ANT2 BA7214,0,3,9703,8,61,-74.8062785,10.9339341,3,,,,,,,
18399401,1012UV0000,2,1,2,100,1,62371,444,22,Frt60493,,1012UV0000,47555000,2,CL 4 No 11 - 67 ENTR 1 P 1 LOC 1 DO3371,0,0,0,8,30,-74.7805011,9.7944125,3,,,,,,,
18400076,100JY00000,2,1,2,0,1,62371,444,22,Frt70721,,100JY00000,8520000,2,CL 11 No 2 - 6 DPL CT8263,0,3,9227,8,6,-74.7549923,10.7478292,3,,,,,,,
18400299,100JQW0000,2,1,2,0,1,62371,444,32,Frt69640,,100JQW0000,47980000,1,CR 6 No 4 - 50 DPL DJ9284,0,3,9244,8,20,-74.1685961,10.839731,3,,,,,,,
18401159,101KZJ0000,2,1,2,100,1,62371,444,11,Frt69588,,101KZJ0000,47001000,2,CL PRINCIPAL No CR 32 - 999 DPL EO2728,0,0,0,8,31,-74.1741192,11.2151042,3,,,,,,,
18404426,100KMM0000,2,1,2,0,1,62371,444,21,Frt69589,,100KMM0000,47745000,2,CL 2 No 9 - 25 DPL DP4981,0,3,9231,8,6,-74.7222038,10.7755068,3,,,,,,,
18405804,1010QS0000,2,1,2,100,1,62371,444,12,Frt80290,,1010QS0000,8001000,2,CL 77 CR 73 - 73 P 1 LOC 5 CI8447,0,0,0,8,17,-74.7969308,11.014148,3,,,,,,,
18424746,100WDY0000,2,1,2,100,1,62371,444,22,Frt69607,,100WDY0000,8606000,2,DG 11 No 10B - 61 SEGE 1 CV1121,0,3,9698,8,16,-75.1284114,10.4948082,3,,,,,,,
18428694,0371,1,2,2,101,2,62371,444,22,Frt09541,0371,,8638000,2,CRRT CGTO CMPECHE KM 5 1001 LOC EMG,9,0,0,7,107,-74.9119933,10.6491514,3,,,,,,,
18434148,0234,1,2,2,101,2,62371,444,11,Frt56849,0234,,8758000,2,CR 10 CL 30 - 100 DPL ET1202,0,0,0,7,13,-74.7693239,10.8383713,3,,,,,,,
18453475,0291,1,2,2,101,2,62371,444,12,Frt68571,0291,,8001000,2,CR 74 CL 75 - 130 LOC REG DU8208,0,0,0,8,20,-74.7948632,11.0086761,3,,,,,,,
18476031,100KHP0000,2,1,2,0,2,62371,444,12,Frt70750,,100KHP0000,8001000,2,CL 30 CR 7A - 121 LOC 66 BA1275,0,0,0,7,24,-74.7844768,10.9442272,3,,,,,,,
18482540,0236,1,2,2,101,2,62371,444,11,Frt07034,0236,,8634000,1,Cr A MALAMBO No Km 2 - 155 LOC NREG N3871,0,0,0,7,13,-74.7693239,10.8383713,3,,,,,,,
18484358,100ZIJ0000,2,1,2,0,1,62371,444,12,Frt54771,,100ZIJ0000,8001000,2,CR 50 CL 74 - 13 SEGE 1 CE3876,0,0,0,8,60,-74.8050921,10.998969,3,,,,,,,
18494440,100LUI0000,2,1,2,0,2,62371,444,12,Frt74702,,100LUI0000,8001000,2,CR 50 CL 48 - 227 P 1 LOC 76 CD8509,0,0,0,8,27,-74.7884284,10.9902577,3,,,,,,,
18494441,100LUI0000,2,1,2,0,2,62371,444,12,Frt80625,,100LUI0000,8001000,2,CR 50 CL 48 - 227 P 1 LOC 81 CD8513,0,0,0,8,27,-74.7884284,10.9902577,3,,,,,,,
18497039,100LUI0000,2,1,2,0,2,62371,444,12,Frt86890,,100LUI0000,8001000,2,CR 50 CL 48 - 227 P 2 LOC 5 CD8574,0,0,0,7,27,-74.7884284,10.9902577,3,,,,,,,
18497040,100LUI0000,2,1,2,0,2,62371,444,12,Frt51487,,100LUI0000,8001000,2,CR 50 CL 48 - 227 P 2 LOC 6 CD8583,0,0,0,8,27,-74.7884284,10.9902577,3,,,,,,,
18501981,100G980000,2,1,2,0,2,62371,444,11,Frt69590,,100G980000,47001000,2,CR 4 CL 26 - 40 INT 1 AO8924,0,0,0,8,9,-74.2133111,11.2360899,3,,,,,,,
18506326,100E380000,2,1,2,0,1,62371,444,12,Frt69685,,100E380000,8001000,2,CL 41 CR 17 - 25 TO ANT BI5618,0,0,0,8,32,-74.794337,10.9551967,3,,,,,,,
18515362,100LUI0000,2,1,2,0,2,62371,444,12,Frt74532,,100LUI0000,8001000,2,CR 50 CL 48 - 227 P 1 LOC 41 CD8480,0,0,0,8,27,-74.7884284,10.9902577,3,,,,,,,
18515366,100LUI0000,2,1,2,0,2,62371,444,12,Frt72420,,100LUI0000,8001000,2,CR 50 CL 48 - 227 P 1 LOC 65 CD8498,0,0,0,7,27,-74.7884284,10.9902577,3,,,,,,,
18515385,100LUI0000,2,1,2,0,2,62371,444,12,Frt74606,,100LUI0000,8001000,2,CR 50 CL 48 - 227 P 2 LOC 1 CD8532,0,0,0,8,27,-74.7884284,10.9902577,3,,,,,,,
18525539,100MGG0000,2,1,2,0,2,62371,444,12,Frt68395,,100MGG0000,8001000,2,CR 38 CL 74 - 61 P 1 LOC 137 CG1238,0,0,0,7,102,-74.8131558,10.9853448,3,,,,,,,
18525543,1005RJ0000,2,1,2,0,2,62371,444,12,Frt72487,,1005RJ0000,8001000,2,CR 38 CL 74 - 61 P 1 LOC 144 CG1243,0,0,0,8,103,-74.8130092,10.9852729,3,,,,,,,
18525638,101KOP0000,2,1,2,100,1,62371,444,12,Frt80183,,101KOP0000,8001000,2,CL 85 CR 76 - 62 P 1 Ap 1 CK7753,0,0,0,8,23,-74.8074297,11.0231898,3,,,,,,,
18526812,100INQ0000,2,1,2,0,1,62371,444,12,Frt69684,,100INQ0000,8001000,2,CL 56A CR 8 - 61 DPL BA9935,0,3,9706,8,73,-74.8120631,10.950219,3,,,,,,,
18535918,100MDS0000,2,1,2,0,1,62371,444,11,Frt86839,,100MDS0000,47001000,2,CR 28A CL 14 - 1 DPL P6742,0,3,9724,8,25,-74.1817635,11.2366538,3,,,,,,,
18543845,100MNP0000,2,1,2,0,2,62371,444,12,Frt83737,,100MNP0000,8001000,2,CR 43 CL 99A - 1 P 1 LOC 11 CN7602,0,0,0,8,107,-74.8352055,11.0035692,3,,,,,,,
18554334,100MEI0000,2,1,2,0,1,62371,444,31,Frt69575,,100MEI0000,47001000,1,CL 30 CR 88 - 49 DPL AM1887,0,3,9504,8,38,-74.1407917,11.2327685,3,,,,,,,
18570233,100IOJ0000,2,1,2,0,1,62371,444,12,Frt69645,,100IOJ0000,44001000,2,CL 19 No CR 19 - 11 INT 1 EF4891,0,0,0,8,12,-72.9209828,11.5355553,3,,,,,,,
18600471,100MG80000,2,1,2,0,1,62371,444,12,Frt70728,,100MG80000,8001000,2,CL 110 No CR 53 - 1670 BDGA 11 C3852,0,0,0,8,4,-74.8260959,11.0376171,3,,,,,,,
18600951,100MP50000,2,1,2,0,1,62371,444,11,Frt69603,,100MP50000,47001000,2,CR 9 No 7 - 2 ENTR 2 AJ7679,0,0,0,8,10,-74.2174024,11.1926768,3,,,,,,,
18614007,102XZX0000,2,1,2,100,1,62371,444,12,Frt72717,,102XZX0000,8001000,2,CR 9G CL 80 - 208 P 1 Ap 1 BU9883,0,3,9708,8,39,-74.824606,10.957885,3,,,,,,,
18651703,100ETY0000,2,1,2,0,2,62371,444,12,Frt68384,,100ETY0000,8001000,2,CR 53 CL 76 - 239 P 2 LOC 222 CM9881,0,0,0,8,56,-74.8069061,11.0036653,3,,,,,,,
18684807,1013BM0000,2,1,2,100,1,62371,444,12,Frt69634,,1013BM0000,8758000,2,CR 17 CL 74 - 5 TO ANT SEGE ANT2 CY5429,0,0,0,8,53,-74.8066446,10.9151938,3,,,,,,,
18688077,1011R00000,2,1,2,100,1,62371,444,11,Frt69602,,1011R00000,47001000,2,CL 9 No CR 3 - 4 ENTR 2 AS8780,0,0,0,8,5,-74.2105876,11.2483678,3,,,,,,,
18689316,100S4U0000,2,1,2,0,1,62371,444,11,Frt69595,,100S4U0000,47001000,2,CL 30 No 21 - 198 ENTR 2 AP7250,0,0,0,8,17,-74.198873,11.2219299,3,,,,,,,
18693782,100G2I0000,2,1,2,100,2,62371,444,11,Frt69636,,100G2I0000,47001000,2,CL 29A No CR 14 - 76 ENTR 02 AR8265,0,0,0,8,15,-74.2023932,11.2311134,3,,,,,,,
18709936,100FHU0000,2,1,2,100,2,62371,444,12,Frt75072,,100FHU0000,8001000,2,CR 53 CL 74 - 86 BLO 01 P 01 Ap 04 CE5319,0,0,0,8,59,-74.80376,11.0004998,3,,,,,,,
18719148,0154,1,2,2,101,2,62371,444,11,Frt74629,0154,,47001000,2,CR 3 CL 10 - 40 DPL AK9563,0,0,0,7,6,-74.2272508,11.1782861,3,,,,,,,
18722939,100NLF0000,2,1,2,0,2,62371,444,12,Frt68396,,100NLF0000,44001000,2,CL 15 CR 8 - 56 LOC 26 EB1038,0,0,0,8,13,-72.9091735,11.5431995,3,,,,,,,
18723329,101HU80000,2,1,2,100,1,62371,444,11,Frt69587,,101HU80000,47001000,2,CL 5 No CR 12 - 54 ENTR 2 AS7032,0,0,0,8,8,-74.2020721,11.2515807,3,,,,,,,
18738268,100F8W0000,2,1,2,0,2,62371,444,12,Frt70915,,100F8W0000,8001000,2,CL 79 CR 51B - 63 LOC 9 CM3623,0,0,0,8,64,-74.8088266,11.0033262,3,,,,,,,
18739812,100CXI0000,2,1,2,100,1,62371,444,12,Frt77554,,100CXI0000,8001000,2,CL 38 CR 32 - 78 DUPLX 1 BA878,0,0,0,7,23,-74.7822138,10.9738106,3,,,,,,,
18743841,100EVU0000,2,1,2,0,2,62371,444,12,Frt80120,,100EVU0000,8001000,2,CL 80 CR 53 - 18 P 01 Ap 08 CM3939,0,0,0,8,75,-74.8101122,11.0052034,3,,,,,,,
18748123,100MGC0000,2,1,2,0,2,62371,444,12,Frt23714,,100MGC0000,8001000,2,CARRERA 43 99A-1 PISO 3 LOCAL 1 BARRIO EL TABOR,0,0,0,8,107,-74.835124,11.0038768,3,,,,,,,
18756801,100R9L0000,2,1,2,0,2,62371,444,12,Frt80195,,100R9L0000,8001000,2,CL 78 CR 53 - 70 LOC 116 CH6467,0,0,0,8,57,-74.805828,11.0043097,3,,,,,,,
18771331,100H3O0000,2,1,2,100,1,62371,444,31,Frt57957,,100H3O0000,47001000,1,CARRT 90 No KM 7 - 222 DPL AK1705,0,0,0,8,23,-74.2026357,11.1761033,3,,,,,,,
18774704,0393,1,2,2,101,2,62371,444,11,Frt43197,0393,,47001000,2,CL 30 58 354 LOC QIEN,0,0,0,8,19,-74.1900756,11.2165661,3,,,,,,,
18781887,101MI30000,2,1,2,100,1,62371,444,22,Frt71110,,101MI30000,47288000,2,CR 5 No 7 - 22 LOC 2 DL7507,9,0,0,8,47,-74.183177,10.5216516,3,,,,,,,
18785457,100NV90000,2,1,2,0,1,62371,444,12,Frt80284,,100NV90000,8001000,2,CL 82 CR 46 - 58 LOC 1 CH1842,0,0,0,8,94,-74.8161414,11.0013199,3,,,,,,,
18788337,100YOK0000,2,1,2,0,2,62371,444,12,Frt75769,,100YOK0000,8001000,2,CL 99 CR 52 - 53 LOC 216 DQ7407,0,0,0,8,93,-74.8279306,11.0140732,3,,,,,,,
18788543,100NY30000,2,1,2,0,2,62371,444,12,Frt68455,,100NY30000,8001000,2,CL 106 CR 50 - 67 LOC R3 EL2838,0,0,0,8,50,-74.836478,11.0146125,3,,,,,,,
18793257,1010PH0000,2,1,2,0,1,62371,444,12,Frt70924,,1010PH0000,8001000,2,CR 70 CL 75 - 51 Ap INT1 CJ1033,0,0,0,8,23,-74.7960521,11.0102268,3,,,,,,,
18798101,0380,1,2,2,101,2,62371,444,12,Frt00436,0380,,8001000,2,CL 63B 34 58 LOC NROT,9,0,0,7,109,-74.8174296,10.981599,3,,,,,,,
18801258,0235,1,2,2,101,1,62371,444,11,Frt60511,0235,,8433000,2,Cr ORIENTAL No Km 1 - 56 DPL N3392,9,3,9225,7,13,-74.7693239,10.8383713,3,,,,,,,
18803453,0372,1,2,2,101,1,62371,444,22,Frt06268,0372,,8638000,2,CRRT L CORDILIDD KM 0 99 LOC NROT,9,0,0,7,107,-74.9119933,10.6491514,3,,,,,,,
18803485,0381,1,2,2,101,2,62371,444,12,Frt00437,0381,,8001000,2,CR 38 72 149 LOC NROT,9,0,0,7,109,-74.8174296,10.981599,3,,,,,,,
18804391,1011IG0000,2,1,2,100,1,62371,444,21,Frt57950,,1011IG0000,44279000,2,D 12 CR 20 - 2 Ap 2 DW9746,0,0,0,8,185,-72.8541145,10.8884323,3,,,,,,,
18808806,0418,1,2,2,101,2,62371,444,22,Frt07514,0418,,8560000,2,CL 11 CR 19 20 LOC NROT,9,0,0,7,13,-74.7537085,10.643428,3,,,,,,,
18809002,0211,1,2,2,101,2,62371,444,12,Frt02155,0211,,8001000,2,V VI 40 KM REF2 1 LOC NROT,9,0,0,7,7,-74.8072347,11.0293717,3,,,,,,,
18812730,0371,1,2,2,101,2,62371,444,22,Frt72722,0371,,8078000,1,CARRET A BARANOA KILOMETR O 9 - 100 DPL O1245,0,0,0,8,107,-74.9119933,10.6491514,3,,,,,,,
18815108,100YOK0000,2,1,2,0,2,62371,444,12,Frt68386,,100YOK0000,8001000,2,CL 99 CR 52 - 53 LOC 324 DQ7438,0,0,0,8,93,-74.8279306,11.0140732,3,,,,,,,
18820641,100FKT0000,2,1,2,0,1,62371,444,12,Frt74720,,100FKT0000,8001000,2,CL 110 No 6D - 335 BDGA MC 5 BU1332,0,0,0,8,33,-74.8360176,10.9450532,3,,,,,,,
18831803,0632,1,3,3,101,1,62371,444,11,Frt08473,0632,,47001000,2,CL 29 CR 14 9 CONS VTI,0,0,0,8,19,-74.1900756,11.2165661,3,,,,,,,
18832651,100LWT0000,2,1,2,0,2,62371,444,12,Frt80255,,100LWT0000,8001000,2,CL 77B CR 59 - 61 P 7 OFI 709 CH6426,0,0,0,8,32,-74.8027267,11.0082584,3,,,,,,,
18837608,100LWT0000,2,1,2,0,2,62371,444,12,Frt80299,,100LWT0000,8001000,2,CL 77B CR 59 - 61 P 7 OFI 707 CH6424,0,0,0,8,32,-74.8027267,11.0082584,3,,,,,,,
18853216,1006EB0000,2,1,2,100,1,62371,444,11,Frt60517,,1006EB0000,47001000,2,CL 16 CR 5 - 17 LOC 03 AO4453,0,0,0,8,11,-74.2102285,11.2440196,3,,,,,,,
18857227,100JOV0000,2,1,2,100,1,62371,444,12,Frt69631,,100JOV0000,8001000,2,CL 21B CR 17B - 5 DPL B704,0,0,0,8,19,-74.8724931,11.032157,3,,,,,,,
18858869,100K490000,2,1,2,0,1,62371,444,12,Frt43352,,100K490000,8001000,2,CR 43 57 54 LOC QIEN,0,0,0,7,48,-74.7953526,10.9857307,3,,,,,,,
18859559,100C8X0000,2,1,2,100,1,62371,444,12,Frt57331,,100C8X0000,8001000,2,CR 41 CL 58 - 103 DPL CA6976,0,0,0,8,51,-74.7974809,10.9842793,3,,,,,,,
18872407,100LWT0000,2,1,2,0,2,62371,444,12,Frt80253,,100LWT0000,8001000,2,CL 77B CR 59 - 61 P 3 OFI 308 CH6399,0,0,0,8,32,-74.8027267,11.0082584,3,,,,,,,
18874897,100LWT0000,2,1,2,0,2,62371,444,12,Frt80298,,100LWT0000,8001000,2,CL 77B CR 59 - 61 P 4 OFI 404 CH6406,0,0,0,8,32,-74.8027267,11.0082584,3,,,,,,,
18879936,100LWT0000,2,1,2,0,2,62371,444,12,Frt80301,,100LWT0000,8001000,2,CL 77B CR 59 - 61 P 7 OFI 712 CH6429,0,0,0,8,32,-74.8027267,11.0082584,3,,,,,,,
18884912,100LWT0000,2,1,2,0,2,62371,444,12,Frt80300,,100LWT0000,8001000,2,CL 77B CR 59 - 61 P 4 OFI 405 CH6407,0,0,0,8,32,-74.8027267,11.0082584,3,,,,,,,
18885214,100H6J0000,2,1,2,100,1,62371,444,12,Frt72406,,100H6J0000,8001000,2,CR 52 CL 69 - 7 DPL CE4046,0,0,0,8,54,-74.8009495,10.996068,3,,,,,,,
18888692,1136,1,2,2,101,2,62371,444,12,Frt75488,1136,,8001000,2,CL 99 CR 52 - 53 LOC 121 DQ7393,0,0,0,8,26,-74.849346,11.024253,3,,,,,,,
18888847,10130E0000,2,1,2,100,1,62371,444,12,Frt80288,,10130E0000,8001000,2,CR 38 CL 100 - 9 LOC 3 CA259,0,0,0,8,51,-74.8325639,10.9829381,3,,,,,,,
18889945,100LWT0000,2,1,2,0,2,62371,444,12,Frt80246,,100LWT0000,8001000,2,CL 77B CR 59 - 61 P 3 OFI 309 CH6400,0,0,0,8,32,-74.8027267,11.0082584,3,,,,,,,
18892599,100JOF0000,2,1,3,100,2,62371,444,11,Frt68392,,100JOF0000,47001000,2,CL 29 No CR 14 - 9 ENTR C2 LOC TL30 AR7787,0,0,0,7,17,-74.1997747,11.2324524,3,,,,,,,
18895236,100GXC0000,2,1,2,0,2,62371,444,11,Frt69642,,100GXC0000,47001000,2,CL 19 No 3 - 71 ENTR 02 AZ9621,0,0,0,8,5,-74.2259646,11.1949238,3,,,,,,,
18896159,102R2Q0000,2,1,2,100,1,62371,444,12,Frt08696,,102R2Q0000,8001000,2,CALLE 93 43-41,0,0,0,8,113,-74.8275822,11.002901,3,,,,,,,
18897299,100LWT0000,2,1,2,0,2,62371,444,12,Frt80588,,100LWT0000,8001000,2,CL 77B CR 59 - 61 P 7 OFI 711 CH6428,0,0,0,8,32,-74.8027267,11.0082584,3,,,,,,,
18899961,100LWT0000,2,1,2,0,2,62371,444,12,Frt80296,,100LWT0000,8001000,2,CL 77B CR 59 - 61 P 9 OFI 903 CH6442,0,0,0,8,32,-74.8027267,11.0082584,3,,,,,,,
18901224,100LWT0000,2,1,2,0,2,62371,444,12,Frt80245,,100LWT0000,8001000,2,CL 77B CR 59 - 61 P 7 OFI 701 CH6418,0,0,0,8,32,-74.8027267,11.0082584,3,,,,,,,
18903745,100LWT0000,2,1,2,0,2,62371,444,12,Frt74609,,100LWT0000,8001000,2,CL 77B CR 59 - 61 P 10 OFI 1002 CH6363,0,0,0,8,32,-74.8027267,11.0082584,3,,,,,,,
18906238,100LWT0000,2,1,2,0,2,62371,444,12,Frt80297,,100LWT0000,8001000,2,CL 77B CR 59 - 61 P 9 OFI 902 CH6441,0,0,0,8,32,-74.8027267,11.0082584,3,,,,,,,
18908566,100YOK0000,2,1,2,0,2,62371,444,12,Frt31388,,100YOK0000,8001000,2,CL 99 52 53 LOC DICE,0,0,0,8,93,-74.8279306,11.0140732,3,,,,,,,
18910710,100R0P0000,2,1,2,100,1,62371,444,12,Frt69676,,100R0P0000,8758000,2,CR 23 CL 77 - 1 DPL EJ6915,0,0,0,8,68,-74.8123938,10.9209656,3,,,,,,,
18919832,102XV60000,2,1,2,100,1,62371,444,22,Frt72370,,102XV60000,47555000,2,CR 15 CL 11 - 86 DPL DO2971,0,0,0,8,19,-74.7829121,9.7923644,3,,,,,,,
18922645,100PED0000,2,1,2,100,1,62371,444,21,Frt60494,,100PED0000,44035000,2,CL 3 CR 2 - 27 DPL EQ2961,9,3,9243,8,94,-72.5924724,11.1618623,3,,,,,,,
18923663,100NO80000,2,1,2,0,2,62371,444,12,Frt52990,,100NO80000,8001000,2,CL 80 CR 53 - 60 Ap 15A CM3994,0,0,0,6,81,-74.8098027,11.005846,3,,,,,,,
18923699,100NO80000,2,1,2,0,2,62371,444,12,Frt52993,,100NO80000,8001000,2,CL 80 CR 53 - 60 Ap 14B CM3993,0,0,0,6,81,-74.8098027,11.005846,3,,,,,,,
18924919,1011190000,2,1,2,100,1,62371,444,12,Frt57333,,1011190000,8001000,2,CL 63C CR 20B - 96 DPL BW817,0,0,0,8,69,-74.8055122,10.9686486,3,,,,,,,
18933258,100OT80000,2,1,2,0,1,62371,444,12,Frt75770,,100OT80000,8001000,2,CL 47 CR 18 - 89 LOC 1 BA5292,0,0,0,8,45,-74.7986968,10.9611527,3,,,,,,,
18933287,100OT80000,2,1,2,0,1,62371,444,12,Frt75774,,100OT80000,8001000,2,CL 47 CR 18 - 89 LOC 5 BA5293,0,0,0,8,45,-74.7986968,10.9611527,3,,,,,,,
18936549,1009QK0000,2,1,2,100,1,62371,444,22,Frt70729,,1009QK0000,47551000,2,CR 10 No 9 - 48 DPL DN3874,0,0,0,8,6,-74.6201304,10.4616156,3,,,,,,,
18945806,1015010000,2,1,2,100,1,62371,444,11,Frt60514,,1015010000,47001000,2,CR 4 No CL 30 - 50 DPL AO9993,9,0,0,7,10,-74.2135752,11.2330794,1,1.0,15.0,1.0,AGPE0001,14-01-2023,2.0,
18951398,0336,1,2,2,101,2,62371,444,12,Frt84044,0336,,44001000,2,CL 7 CR 1B - 11 DPL EB3453,4,0,0,7,8,-72.8975636,11.5389011,3,,,,,,,
18961139,0238,1,2,2,101,2,62371,444,12,Frt85054,0238,,44430000,2,CL 23 CR 4ESTE - 1 DPL DZ8226,4,3,9402,7,58,-72.2534093,11.3769622,3,,,,,,,
19075122,100FIB0000,2,1,2,0,1,62371,444,12,Frt11550,,100FIB0000,8001000,2,CR 52 72 166,0,0,0,7,60,-74.8041045,10.9992063,3,,,,,,,
19086520,100MFO0000,2,1,2,100,1,62371,444,11,Frt60318,,100MFO0000,47001000,2,CL 10 No CR 4 - 51 DPL AS9209,0,0,0,8,6,-74.2107614,11.2478163,3,,,,,,,
19091996,1487,1,2,2,101,2,62371,444,11,Frt65600,1487,,47001000,2,CL 13 No CR 3 - 5 DPL AO2789,0,0,0,8,12,-74.2037836,11.2365524,3,,,,,,,
19096351,100G5T0000,2,1,2,0,1,62371,444,11,Frt45576,,100G5T0000,47001000,2,CL 14 CR 30 146 LOC QIEN,0,0,0,7,24,-74.1779806,11.2343136,3,,,,,,,
19101528,10077J0000,2,1,2,100,1,62371,444,11,Frt89386,,10077J0000,47001000,2,CR 5 No 24A - 43 ENTR 1 P AP9776,0,0,0,8,6,-74.210583,11.2380167,3,,,,,,,
19105957,100G7Z0000,2,1,2,0,2,62371,444,11,Frt58718,,100G7Z0000,47001000,2,CL 23 CR 6 - 18 P 1 Ap 28 AO7692,0,0,0,8,9,-74.2097959,11.2390928,3,,,,,,,
19119327,1015GA0000,2,1,2,100,1,62371,444,11,Frt67671,,1015GA0000,47001000,2,CL 11 No CR 7 - 2 DPL AO1846,0,0,0,7,7,-74.2084068,11.2456928,3,,,,,,,
19128812,100G980000,2,1,2,0,2,62371,444,11,Frt83769,,100G980000,47001000,2,CR 4 CL 26 - 40 P 1 Ap 6 AO8945,0,0,0,8,9,-74.2133111,11.2360899,3,,,,,,,
19129378,1006YX0000,2,1,2,100,1,62371,444,11,Frt82921,,1006YX0000,47001000,2,CL 14 CR 14 - 52 DPL AO3313,0,0,0,8,11,-74.2004571,11.24387,3,,,,,,,
19131081,100G980000,2,1,2,0,2,62371,444,11,Frt69593,,100G980000,47001000,2,CR 4 CL 26 - 40 P 2 Ap 26 AO8953,0,0,0,8,9,-74.2133111,11.2360899,3,,,,,,,
19131575,100G980000,2,1,2,0,2,62371,444,11,Frt69597,,100G980000,47001000,2,CR 4 CL 26 - 40 P 1 Ap 21 AO8941,0,0,0,8,9,-74.2133111,11.2360899,3,,,,,,,
19131955,1006G90000,2,1,2,100,1,62371,444,11,Frt76595,,1006G90000,47001000,2,CL 20 No CR 3 - 60 DPL AO6399,0,0,0,8,9,-74.2127916,11.2416861,3,,,,,,,
19133219,1006D30000,2,1,2,100,1,62371,444,11,Frt60031,,1006D30000,47001000,2,CR 2 CL 22 - 41 DPL AU6303,0,0,0,8,8,-74.2144579,11.2407904,3,,,,,,,
19135905,100N5O0000,2,1,2,100,1,62371,444,11,Frt67499,,100N5O0000,47001000,2,CR 3 CL 19 - 29 DPL AN9974,0,0,0,7,7,-74.2127828,11.2424545,3,,,,,,,
19139645,100N980000,2,1,2,100,1,62371,444,11,Frt68334,,100N980000,47001000,2,CR 4 No CL 16 - 56 DPL AO116,0,0,0,8,7,-74.212362,11.2433949,3,,,,,,,
19148143,101HJZ0000,2,1,2,100,1,62371,444,11,Frt78328,,101HJZ0000,47001000,2,CL 22 CR 19B - 16 DPL AS260,0,0,0,8,14,-74.1935491,11.2361885,3,,,,,,,
19215351,1006XN0000,2,1,2,100,1,62371,444,11,Frt59507,,1006XN0000,47001000,2,CR 19 CL 9A - 4 DPL AN2463,0,0,0,3,11,-74.1940293,11.2463676,3,,,,,,,
19216436,100G870000,2,1,2,100,2,62371,444,11,Frt68401,,100G870000,47001000,2,CL 23 No CR 4 - 27 ENTR 1 P 4 Ap 5 AZ5615,0,0,0,8,8,-74.2116369,11.2397068,3,,,,,,,
19220111,100G980000,2,1,2,0,2,62371,444,11,Frt60516,,100G980000,47001000,2,CR 4 CL 26 - 40 P 1 Ap 17 AO8936,0,0,0,8,9,-74.2133111,11.2360899,3,,,,,,,
19231521,100V8D0000,2,1,2,0,1,62371,444,12,Frt82828,,100V8D0000,47189000,2,CL 20 No 21 - 69 DPL AY2037,0,3,9997,8,6,-74.2433849,11.0056014,3,,,,,,,
19262553,1006FM0000,2,1,2,100,1,62371,444,11,Frt67693,,1006FM0000,47001000,2,CR 1C CL 18 - 67 DPL AO6062,0,0,0,8,8,-74.2146235,11.2423181,3,,,,,,,
19279035,102RAE0000,2,1,2,100,1,62371,444,11,Frt59506,,102RAE0000,47001000,2,CR 5 No CL 13 - 15 DPL AO450,0,0,0,8,10,-74.2099176,11.2450865,3,,,,,,,
19323534,100LM40000,2,1,2,0,1,62371,444,11,Frt64987,,100LM40000,47001000,2,TR 9 No DG 33 - 10 Ap 5 AP7689,0,0,0,8,31,-74.1685565,11.2307637,3,,,,,,,
19350820,10077J0000,2,1,2,100,1,62371,444,11,Frt83743,,10077J0000,47001000,2,CR 5 CL 24A - 43 DPL AP9775,0,0,0,8,6,-74.210583,11.2380167,3,,,,,,,
19411877,1006G90000,2,1,2,100,1,62371,444,11,Frt70941,,1006G90000,47001000,2,CL 20 CR 3 - 73 LOC 1 AO6406,0,0,0,8,9,-74.2127916,11.2416861,3,,,,,,,
19440075,100OXN0000,2,1,2,0,2,62371,444,12,Frt83719,,100OXN0000,8758000,2,CL 30 CR 30 - 165 P 1 LOC 9 DE1769,0,0,0,8,21,-74.7793579,10.9263311,3,,,,,,,
19456582,100KHP0000,2,1,2,101,1,62371,444,12,Frt28188,,100KHP0000,8001000,2,CL 30 7 121 LOC VT4,0,0,0,8,24,-74.7844768,10.9442272,3,,,,,,,
19459808,0513,1,2,2,101,2,62371,444,12,Frt00911,0513,,8001000,2,CL PRINCIPAL No BDG 10 - 10 BDGA NR10 BA3377,9,0,0,7,4,-74.7653225,10.9840783,3,,,,,,,
19459884,0513,1,2,2,101,2,62371,444,12,Frt32403,0513,,8001000,2,Cr PRINCIPAL No BDG 5 - 1 P 1 BDGA NR5 BA3546,9,0,0,7,4,-74.7653225,10.9840783,3,,,,,,,
19461285,0330,1,2,2,101,2,62371,444,31,Frt80278,0330,,44035000,1,Cr VIA A RIOHACHA No Km - 1 DPL ES6908,4,3,9243,7,97,-72.6094219,11.1832974,3,,,,,,,
19461481,100PG10000,2,1,2,0,1,62371,444,12,Frt56907,,100PG10000,8001000,2,CL 110 No 10 - 195 BDGA 22 BA4392,0,3,9708,7,29,-74.8380204,10.9628294,3,,,,,,,
19462812,100B850000,2,1,2,0,2,62371,444,12,Frt84739,,100B850000,8001000,2,CL 82 CR 50 - 50 LOC 2 CM4281,0,0,0,8,87,-74.8148007,11.0030678,3,,,,,,,
19469903,100PJU0000,2,1,2,0,2,62371,444,12,Frt54770,,100PJU0000,8001000,2,CR 60 CL 77 - 75 LOC 3 CI8730,0,0,0,8,42,-74.8018297,11.0081249,3,,,,,,,
19477759,1011190000,2,1,2,100,1,62371,444,12,Frt65612,,1011190000,8001000,2,CR 21B CL 63C - 3 P 1 LOC 2 BW6732,0,0,0,8,69,-74.8055122,10.9686486,3,,,,,,,
19492419,1023NY0000,2,1,2,100,1,62371,444,11,Frt58739,,1023NY0000,47001000,2,CL 8 CR 3 - 30 DPL AL3272,0,0,0,8,4,-74.2250811,11.2045159,3,,,,,,,
19492859,100PNK0000,2,1,2,0,1,62371,444,11,Frt83759,,100PNK0000,47001000,2,CL 20 CR 11 - 75 LOC 102 AV4106,0,0,0,8,10,-74.2047963,11.240216,3,,,,,,,
19496731,100WOL0000,2,1,2,0,1,62371,444,12,Frt69601,,100WOL0000,44001000,2,CL 48 CR 7G - 131 DPL EF6272,0,3,9501,8,22,-72.9041945,11.5194989,3,,,,,,,
19521179,0236,1,2,2,101,1,62371,444,11,Frt70960,0236,,8433000,2,CARRT A MALAMBO FRT PIM - 1 DPL N3476,0,3,9225,7,13,-74.7693239,10.8383713,3,,,,,,,
19551136,1010QH0000,2,1,2,100,1,62371,444,12,Frt11496,,1010QH0000,8001000,2,CL 75 57 17 LOC PEJ,0,0,0,7,50,-74.8012794,11.0038052,3,,,,,,,
19551137,100BAB0000,2,1,2,100,1,62371,444,12,Frt11502,,100BAB0000,8001000,2,CR 53 80 70 LOC NREG,0,0,0,7,82,-74.8123282,11.0059212,3,,,,,,,
19551138,1010QH0000,2,1,2,100,1,62371,444,12,Frt11497,,1010QH0000,8001000,2,CR 57 75 20 LOC PEJ,0,0,0,7,50,-74.8012794,11.0038052,3,,,,,,,
19555486,101LOI0000,2,1,2,100,1,62371,444,12,Frt57973,,101LOI0000,8001000,2,CL 82 CR 51 - 67 LOC 1 CM4315,0,0,0,8,82,-74.814576,11.0047045,3,,,,,,,
19557476,100FIB0000,2,1,2,0,1,62371,444,12,Frt11550,,100FIB0000,8001000,2,CR 52 72 166 LOC PE2,0,0,0,7,60,-74.8041045,10.9992063,3,,,,,,,
19557477,100FIC0000,2,1,2,0,1,62371,444,12,Frt11551,,100FIC0000,8001000,2,CR 52 72 166 LOC PE1,0,0,0,7,60,-74.8041045,10.9992063,3,,,,,,,
19571990,100YR60000,2,1,2,0,1,62371,444,12,Frt43355,,100YR60000,8001000,2,CR 47 69 114 LOC QIEN,0,0,0,8,59,-74.8024902,10.9937773,3,,,,,,,
19574650,100NL80000,2,1,2,0,2,62371,444,12,Frt72469,,100NL80000,8001000,2,CR 53 79 279,0,0,0,7,78,-74.8104769,11.0046873,3,,,,,,,
19575470,100FIC0000,2,1,2,0,1,62371,444,12,Frt11551,,100FIC0000,8001000,2,CR 52 72 166,0,0,0,7,60,-74.8041045,10.9992063,3,,,,,,,
19575471,100FIC0000,2,1,2,0,1,62371,444,12,Frt11551,,100FIC0000,8001000,2,CR 52 72 166,0,0,0,7,60,-74.8041045,10.9992063,3,,,,,,,
19575472,100FIC0000,2,1,2,0,1,62371,444,12,Frt11551,,100FIC0000,8001000,2,CR 52 72 166,0,0,0,7,60,-74.8041045,10.9992063,3,,,,,,,
19575473,100FIC0000,2,1,2,0,1,62371,444,12,Frt11551,,100FIC0000,8001000,2,CR 52 72 166,0,0,0,7,60,-74.8041045,10.9992063,3,,,,,,,
19575474,100FIC0000,2,1,2,0,1,62371,444,12,Frt11551,,100FIC0000,8001000,2,CR 52 72 166,0,0,0,7,60,-74.8041045,10.9992063,3,,,,,,,
19575475,100FIC0000,2,1,2,0,1,62371,444,12,Frt11551,,100FIC0000,8001000,2,CR 52 72 166,0,0,0,7,60,-74.8041045,10.9992063,3,,,,,,,
19575538,100C7V0000,2,1,2,0,1,62371,444,12,Frt03539,,100C7V0000,8001000,2,CL 43 39 39,0,0,0,7,23,-74.7847353,10.9800423,3,,,,,,,
19576078,100FIB0000,2,1,2,0,1,62371,444,12,Frt11550,,100FIB0000,8001000,2,CR 52 72 166,0,0,0,7,60,-74.8041045,10.9992063,3,,,,,,,
19576079,100FIB0000,2,1,2,0,1,62371,444,12,Frt11550,,100FIB0000,8001000,2,CR 52 72 166,0,0,0,7,60,-74.8041045,10.9992063,3,,,,,,,
19576080,100FIB0000,2,1,2,0,1,62371,444,12,Frt11550,,100FIB0000,8001000,2,CR 52 72 166,0,0,0,7,60,-74.8041045,10.9992063,3,,,,,,,
19576081,100FIB0000,2,1,2,0,1,62371,444,12,Frt11550,,100FIB0000,8001000,2,CR 52 72 166,0,0,0,7,60,-74.8041045,10.9992063,3,,,,,,,
19576082,100FIB0000,2,1,2,0,1,62371,444,12,Frt11550,,100FIB0000,8001000,2,CR 52 72 166,0,0,0,7,60,-74.8041045,10.9992063,3,,,,,,,
19576083,100FIB0000,2,1,2,0,1,62371,444,12,Frt11550,,100FIB0000,8001000,2,CR 52 72 166,0,0,0,7,60,-74.8041045,10.9992063,3,,,,,,,
19581243,100FIC0000,2,1,2,0,1,62371,444,12,Frt11551,,100FIC0000,8001000,2,CR 52 72 166,0,0,0,7,60,-74.8041045,10.9992063,3,,,,,,,
19581244,100FIC0000,2,1,2,0,1,62371,444,12,Frt11551,,100FIC0000,8001000,2,CR 52 72 166,0,0,0,7,60,-74.8041045,10.9992063,3,,,,,,,
19581504,100FIB0000,2,1,2,0,1,62371,444,12,Frt11550,,100FIB0000,8001000,2,CR 52 72 166,0,0,0,7,60,-74.8041045,10.9992063,3,,,,,,,
19581505,100FIB0000,2,1,2,0,1,62371,444,12,Frt11550,,100FIB0000,8001000,2,CR 52 72 166,0,0,0,7,60,-74.8041045,10.9992063,3,,,,,,,
19588207,100MLL0000,2,1,2,0,1,62371,444,11,Frt74701,,100MLL0000,47001000,2,CR 4 CL 21D - 31,0,0,0,7,7,-74.2255687,11.1906298,3,,,,,,,
19626528,0291,1,2,2,101,2,62371,444,12,Frt80613,0291,,8001000,2,AV VIA 40 69 - 19 LOC 1 CI5886,0,0,0,7,20,-74.7948632,11.0086761,3,,,,,,,
19640385,100RAC0000,2,1,2,0,2,62371,444,11,Frt78206,,100RAC0000,47001000,2,CR 4 CL 11A - 119 LOC 304 AL612,0,0,0,7,2,-74.2257566,11.2002938,3,,,,,,,
19640982,101HEH0000,2,1,2,100,1,62371,444,12,Frt69592,,101HEH0000,8758000,2,CL 43 CR 44B - 4 SEGE ANT CX6237,0,0,0,8,31,-74.7867286,10.9332206,3,,,,,,,
19643224,0074,1,2,2,101,2,62371,444,12,Frt75385,0074,,8001000,2,CL 110 6Q - 522 BDG A 1 BA4535,0,3,9708,8,39,-74.8323064,10.9455724,3,,,,,,,
19650629,100B790000,2,1,2,0,1,62371,444,12,Frt57731,,100B790000,8001000,2,CR 53 CL 79 - 211 OFI 3 CM9997,0,0,0,8,73,-74.8101484,11.0050496,3,,,,,,,
19676670,100KZI0000,2,1,2,0,2,62371,444,11,Frt86892,,100KZI0000,47001000,2,CR 4 CL 11A - 119 LOC 108 AL560,0,0,0,8,6,-74.2256738,11.1994259,3,,,,,,,
19703838,100JGF0000,2,1,2,0,2,62371,444,32,Frt69610,,100JGF0000,8573000,1,CR 28 CL 1B - 315 BLO UM LOC 215 U1298,0,0,0,8,42,-74.8463631,11.0158443,3,,,,,,,
19704441,1007QB0000,2,1,2,100,1,62371,444,21,Frt57926,,1007QB0000,44650000,2,CL 5 CR 6 - 7 Ap 1 EG3183,0,0,0,3,213,-73.0047854,10.7714725,3,,,,,,,
19704535,100X3E0000,2,1,2,0,2,62371,444,32,Frt75084,,100X3E0000,8001000,1,CL 110 No 6 - 1 BDGA 5 BA6660,0,3,9702,8,44,-74.8347793,10.9364776,3,,,,,,,
19705032,100QY50000,2,1,2,0,1,62371,444,12,Frt56605,,100QY50000,8001000,2,AV VIA 40 70 - 14 DPL CI5998,0,0,0,7,9,-74.7889282,11.0079835,3,,,,,,,
19710025,102YGJ0000,2,1,2,100,1,62371,444,12,Frt65623,,102YGJ0000,8001000,2,CL 41 CR 46 - 213 DPL CD5695,0,0,0,8,15,-74.7815243,10.9878872,3,,,,,,,
19718451,100SFA0000,2,1,2,0,2,62371,444,12,Frt88468,,100SFA0000,8758000,2,CR 32 No CL 30 - 15 LOC 231 DE2627,0,0,0,7,21,-74.7810779,10.9264718,3,,,,,,,
19729533,100A400000,2,1,2,100,1,62371,444,32,Frt59885,,100A400000,8832000,1,CL 3A No 10 - 20 DPL EQ571,0,0,0,2,11,-75.0372857,10.9033603,3,,,,,,,
19748010,100PW80000,2,1,2,0,2,62371,444,11,Frt68453,,100PW80000,47001000,2,CR 7 CL 116A - 40 LOC 151 I9939,0,0,0,7,14,-74.2218122,11.1474552,3,,,,,,,
19758093,100ZAW0000,2,1,2,100,1,62371,444,12,Frt84748,,100ZAW0000,8001000,2,CL 92 CR 51C - 4 LOC 1 CL1498,0,0,0,7,95,-74.8233723,11.0097544,3,,,,,,,
19758699,0739,1,2,2,101,2,62371,444,22,Frt82204,0739,,8436000,1,CARRT MANATI A CARRETO No KM1 - 40 DPL P6019,4,3,9226,7,21,-74.9519537,10.4625086,3,,,,,,,
19765400,0513,1,2,2,101,2,62371,444,12,Frt22157,0513,,8001000,2,CL 2 CR 3B - 16 LOC NRE4 BA3133,0,0,0,7,4,-74.7653225,10.9840783,3,,,,,,,
19766851,0193,1,2,2,101,1,62371,444,32,Frt84050,0193,,44001000,1,Cr VIA A CAMARONES No Km 1 - 200 DPL EA3235,4,3,9304,7,4,-73.0590304,11.4224956,3,,,,,,,
19772802,0743,1,2,2,101,2,62371,444,32,Frt22282,0743,,8573002,2,CL 6 20 10 LOC EEP,0,0,0,8,24,-74.9108796,11.0103411,3,,,,,,,
19781433,100VTS0000,2,1,2,0,2,62371,444,11,Frt72338,,100VTS0000,47001000,2,CR 7 CL 116A - 40 LOC 156 I9944,0,0,0,7,10,-74.2223524,11.14769,3,,,,,,,
19792443,100SFA0000,2,1,2,0,2,62371,444,12,Frt75652,,100SFA0000,8758000,2,CR 32 No CL 30 - 15 LOC 116 DE2543,0,0,0,8,21,-74.7810779,10.9264718,3,,,,,,,
19797920,100MAB0000,2,1,2,100,1,62371,444,12,Frt65618,,100MAB0000,8001000,2,CL 29 CR 33 - 45 DPL BO8255,0,0,0,8,16,-74.7785133,10.9719117,3,,,,,,,
19804360,100SFB0000,2,1,2,0,2,62371,444,12,Frt75504,,100SFB0000,8758000,2,CR 32 No CL 30 - 15 LOC 167 DE2583,0,0,0,8,21,-74.7810779,10.9264718,3,,,,,,,
19804533,100SFB0000,2,1,2,0,2,62371,444,12,Frt78475,,100SFB0000,8758000,2,CR 32 No CL 30 - 15 LOC 136 DE2558,0,0,0,8,21,-74.7810779,10.9264718,3,,,,,,,
19804620,100X3E0000,2,1,2,0,2,62371,444,32,Frt85314,,100X3E0000,8001000,1,CL 110 No 6 - 1 BDGA 26 BA6657,0,3,9702,8,44,-74.8347793,10.9364776,1,1.0,20.0,1.0,AGPE0001,04-05-2022,2.0,
19804679,100X3E0000,2,1,2,0,2,62371,444,32,Frt84750,,100X3E0000,8001000,1,CL 110 No 6 - 1 BDGA 24 BA6656,0,3,9702,7,44,-74.8347793,10.9364776,3,,,,,,,
19805668,100PW80000,2,1,2,0,2,62371,444,11,Frt68465,,100PW80000,47001000,2,CR 7 CL 116A - 40 LOC 151B I9941,0,0,0,7,14,-74.2218122,11.1474552,3,,,,,,,
19807351,1486,1,2,2,101,1,62371,444,12,Frt78560,1486,,44430000,1,CR 3 No 3 - 83 DPL EA1383,4,3,9402,7,58,-72.2534093,11.3769622,3,,,,,,,
19818836,0071,1,2,2,101,2,62371,444,12,Frt65228,0071,,8296000,2,CARRT A GALAPA No KM 11 - 210 BDGA 1 CR345,9,0,0,7,39,-74.8323064,10.9455724,3,,,,,,,
19822561,100PW80000,2,1,2,0,2,62371,444,11,Frt68394,,100PW80000,47001000,2,CR 7 CL 116A - 40 LOC 154 I9943,0,0,0,7,14,-74.2218122,11.1474552,3,,,,,,,
19835227,100U5D0000,2,1,2,0,2,62371,444,32,Frt68412,,100U5D0000,8573000,1,CR 30 No CL 1 - 1841 LOC 21 AI4908,0,0,0,8,44,-74.8636353,11.0182409,3,,,,,,,
19835265,100U5D0000,2,1,2,0,2,62371,444,32,Frt80189,,100U5D0000,8573000,1,CR 30 CL 1 - 1841 LOC 5 AI4924,0,0,0,8,44,-74.8636353,11.0182409,3,,,,,,,
19842685,100OXN0000,2,1,2,0,2,62371,444,12,Frt69600,,100OXN0000,8758000,2,CL 30 CR 30 - 165 LOC ANT DE1760,0,0,0,8,21,-74.7793579,10.9263311,3,,,,,,,
19853308,1006F60000,2,1,2,0,1,62371,444,11,Frt68439,,1006F60000,47001000,2,CL 18 No CR 2 - 67 LOC 3 AO5354,9,0,0,8,8,-74.2129662,11.2429788,3,,,,,,,
19856507,100SJ30000,2,1,2,0,2,62371,444,12,Frt84741,,100SJ30000,8001000,2,CR 58 CL 96 - 95 Ap 11A CL4322,0,0,0,6,76,-74.8235356,11.0164976,3,,,,,,,
19870067,100O6F0000,2,1,2,0,1,62371,444,32,Frt43725,,100O6F0000,8573003,2,CRRT VI SBNILL KM5 6 LOC QIEN,0,0,0,7,13,-74.8783845,11.014659,3,,,,,,,
19889258,100T6M0000,2,1,2,0,1,62371,444,12,Frt68415,,100T6M0000,8001000,2,CL 75 72 - 40 BDG A 5 CI7437,0,0,0,8,17,-74.7938205,11.0106027,3,,,,,,,
19895544,0039,1,2,2,101,2,62371,444,32,Frt46138,0039,,8558000,1,CARRT A SABANAGRANDE No KM 0 - 550 DPL DQ6476,0,0,0,7,101,-74.9087264,10.7738576,3,,,,,,,
19910240,100A8R0000,2,1,2,100,1,62371,444,22,Frt65381,,100A8R0000,8520000,2,CL 7 No CR 4 - 93 DPL L7623,0,3,9227,8,7,-74.7514566,10.744709,3,,,,,,,
19910339,100WBX0000,2,1,2,100,1,62371,444,11,Frt69576,,100WBX0000,47001000,2,CR 16 CL 35 - 1 DPL AP3408,0,0,0,8,13,-74.2062813,11.2224332,3,,,,,,,
19953062,0296,1,2,2,101,2,62371,444,12,Frt70760,0296,,8001000,2,CR 66B CL 58 - 110 DPL CI3833,0,0,0,7,20,-74.7948632,11.0086761,3,,,,,,,
19953334,100R9Q0000,2,1,2,0,2,62371,444,12,Frt85058,,100R9Q0000,8001000,2,CL 94 CR 51B - 1 OFI 301 CL2064,0,0,0,8,100,-74.8254497,11.0099301,3,,,,,,,
19953355,100R9Q0000,2,1,2,0,2,62371,444,12,Frt85121,,100R9Q0000,8001000,2,CL 94 CR 51B - 1 OFI 407 CL2073,0,0,0,8,100,-74.8254497,11.0099301,3,,,,,,,
19953360,100R9Q0000,2,1,2,0,2,62371,444,12,Frt85030,,100R9Q0000,8001000,2,CL 94 CR 51B - 1 OFI 412 CL2078,0,0,0,8,100,-74.8254497,11.0099301,3,,,,,,,
19953361,100R9Q0000,2,1,2,0,2,62371,444,12,Frt85035,,100R9Q0000,8001000,2,CL 94 CR 51B - 1 OFI 413 CL2079,0,0,0,8,100,-74.8254497,11.0099301,3,,,,,,,
19953362,100R9Q0000,2,1,2,0,2,62371,444,12,Frt85116,,100R9Q0000,8001000,2,CL 94 CR 51B - 1 OFI 414 CL2080,0,0,0,8,100,-74.8254497,11.0099301,3,,,,,,,
19953363,100R9Q0000,2,1,2,0,2,62371,444,12,Frt85034,,100R9Q0000,8001000,2,CL 94 CR 51B - 1 OFI 415 CL2081,0,0,0,8,100,-74.8254497,11.0099301,3,,,,,,,
19953367,100R9Q0000,2,1,2,0,2,62371,444,12,Frt85056,,100R9Q0000,8001000,2,CL 94 CR 51B - 1 OFI 504 CL2085,0,0,0,8,100,-74.8254497,11.0099301,3,,,,,,,
19953369,100R9Q0000,2,1,2,0,2,62371,444,12,Frt87779,,100R9Q0000,8001000,2,CL 94 CR 51B - 1 OFI 506 CL2087,0,0,0,8,100,-74.8254497,11.0099301,3,,,,,,,
19953370,100R9Q0000,2,1,2,0,2,62371,444,12,Frt85060,,100R9Q0000,8001000,2,CL 94 CR 51B - 1 OFI 507 CL2088,0,0,0,8,100,-74.8254497,11.0099301,3,,,,,,,
19953375,100R9Q0000,2,1,2,0,2,62371,444,12,Frt85053,,100R9Q0000,8001000,2,CL 94 CR 51B - 1 OFI 512 CL2089,0,0,0,8,100,-74.8254497,11.0099301,3,,,,,,,
19953377,100R9Q0000,2,1,2,0,2,62371,444,12,Frt85122,,100R9Q0000,8001000,2,CL 94 CR 51B - 1 OFI 514 CL2090,0,0,0,8,100,-74.8254497,11.0099301,3,,,,,,,
19953380,100R9Q0000,2,1,2,0,2,62371,444,12,Frt87848,,100R9Q0000,8001000,2,CL 94 CR 51B - 1 OFI 602 CL2093,0,0,0,8,100,-74.8254497,11.0099301,3,,,,,,,
19953382,100R9Q0000,2,1,2,0,2,62371,444,12,Frt85055,,100R9Q0000,8001000,2,CL 94 CR 51B - 1 OFI 604 CL2094,0,0,0,8,100,-74.8254497,11.0099301,3,,,,,,,
19953387,100R9Q0000,2,1,2,0,2,62371,444,12,Frt85117,,100R9Q0000,8001000,2,CL 94 CR 51B - 1 OFI 609 CL2099,0,0,0,8,100,-74.8254497,11.0099301,3,,,,,,,
19953388,100R9Q0000,2,1,2,0,2,62371,444,12,Frt85027,,100R9Q0000,8001000,2,CL 94 CR 51B - 1 OFI 610 CL2100,0,0,0,8,100,-74.8254497,11.0099301,3,,,,,,,
19953389,100R9Q0000,2,1,2,0,2,62371,444,12,Frt85033,,100R9Q0000,8001000,2,CL 94 CR 51B - 1 OFI 611 CL2101,0,0,0,8,100,-74.8254497,11.0099301,3,,,,,,,
19953390,100R9Q0000,2,1,2,0,2,62371,444,12,Frt85036,,100R9Q0000,8001000,2,CL 94 CR 51B - 1 OFI 612 CL2102,0,0,0,8,100,-74.8254497,11.0099301,3,,,,,,,
19953391,100R9Q0000,2,1,2,0,2,62371,444,12,Frt85026,,100R9Q0000,8001000,2,CL 94 CR 51B - 1 OFI 613 CL2103,0,0,0,8,100,-74.8254497,11.0099301,3,,,,,,,
19953392,100R9Q0000,2,1,2,0,2,62371,444,12,Frt85029,,100R9Q0000,8001000,2,CL 94 CR 51B - 1 OFI 614 CL2104,0,0,0,8,100,-74.8254497,11.0099301,3,,,,,,,
19953393,100R9Q0000,2,1,2,0,2,62371,444,12,Frt85133,,100R9Q0000,8001000,2,CL 94 CR 51B - 1 OFI 615 CL2105,0,0,0,8,100,-74.8254497,11.0099301,3,,,,,,,
19953394,100R9Q0000,2,1,2,0,2,62371,444,12,Frt87755,,100R9Q0000,8001000,2,CL 94 CR 51B - 1 OFI 201 CL2062,0,0,0,8,100,-74.8254497,11.0099301,3,,,,,,,
19959470,101LI60000,2,1,2,100,1,62371,444,22,Frt74722,,101LI60000,47555000,2,CL 14 CR 14A - 40,0,0,0,8,21,-74.7847463,9.7934092,3,,,,,,,
19965816,100VDL0000,2,1,2,0,2,62371,444,12,Frt70720,,100VDL0000,8001000,2,CR 53 CL 80 - 167 LOC 02 CN166,0,0,0,7,78,-74.8130692,11.0058833,3,,,,,,,
19974860,100TI70000,2,1,2,0,1,62371,444,22,Frt78441,,100TI70000,8296000,2,CR 18 CL 10 - 6 LOC 2 ET3809,0,0,0,8,90,-74.8854299,10.8995391,3,,,,,,,
19982103,10116Q0000,2,1,2,100,1,62371,444,12,Frt80285,,10116Q0000,8001000,2,CR 12S CL 43 - 38 LOC 1 BA721,0,0,0,8,47,-74.7983907,10.9252293,3,,,,,,,
19992635,100NXW0000,2,1,2,0,2,62371,444,22,Frt59536,,100NXW0000,8296000,2,CARRT DE LA CORDIALIDAD No 114 - 250 BDGA 38A AV8044,0,0,0,7,44,-74.8587786,10.9315903,3,,,,,,,
20024355,100VS10000,2,1,2,0,2,62371,444,32,Frt68413,,100VS10000,8573000,1,CL 3A CR 25 - 27 LOC 3 S5217,0,0,0,8,25,-74.861306,11.0232096,3,,,,,,,
20024497,100VS10000,2,1,2,0,2,62371,444,32,Frt82829,,100VS10000,8573000,1,CL 3A CR 25 - 27 LOC 1 S5215,0,0,0,8,25,-74.861306,11.0232096,3,,,,,,,
20033947,100VU70000,2,1,2,100,1,62371,444,12,Frt59954,,100VU70000,8001000,2,CL 82 CR 51B - 11 P 2 LOC 2 CM4356,0,0,0,7,81,-74.8142833,11.0047414,3,,,,,,,
20039432,100P5Y0000,2,1,2,100,1,62371,444,12,Frt56535,,100P5Y0000,8001000,2,CL 34 CR 44 - 60 LOC 2 BA7584,0,0,0,8,10,-74.7774685,10.9828523,3,,,,,,,
20056090,10069M0000,2,1,2,100,1,62371,444,11,Frt69639,,10069M0000,47001000,2,CL 29 CR 17A - 1 DPL AU9419,0,0,0,8,16,-74.1985296,11.2330948,3,,,,,,,
20059524,100W280000,2,1,2,0,1,62371,444,12,Frt51317,,100W280000,8001000,2,CR 51 CL 82 - 223 LOC 101 CM7276,0,0,0,8,87,-74.8166892,11.0045638,3,,,,,,,
20074512,100WA90000,2,1,2,0,2,62371,444,32,Frt83768,,100WA90000,8001000,1,CL 110 CR 6Q - 537 LOC 14 BA4571,9,3,9708,8,30,-74.837789,10.9545857,3,,,,,,,
21103928,100O1E0000,2,1,2,0,2,62371,444,12,Frt85431,,100O1E0000,8001000,2,CR 57 No CL 99A - 65 TORR S LOC 404 K8822,0,0,0,8,72,-74.8281387,11.0167485,3,,,,,,,
21107865,100X0E0000,2,1,2,0,1,62371,444,12,Frt80287,,100X0E0000,8758000,2,CL 77 No CR 23B - 33 LOC 3 CY3387,9,0,0,8,65,-74.8119448,10.9206141,3,,,,,,,
21113555,100NWO0000,2,1,2,100,1,62371,444,12,Frt80282,,100NWO0000,8001000,2,CR 65 CL 86 - 191 LOC 101 CL 1395,0,0,0,8,49,-74.8139778,11.0180938,3,,,,,,,
21115094,1022V90000,2,1,2,100,1,62371,444,12,Frt51320,,1022V90000,8001000,2,CR 74 No 76 - 50 BDGA 2 DU8221,0,0,0,8,15,-74.7952648,11.0138445,3,,,,,,,
21115211,100B8J0000,2,1,2,100,1,62371,444,12,Frt83771,,100B8J0000,8001000,2,CR 49C CL 80 - 156 LOC 1 CM5353,0,0,0,8,85,-74.8148338,11.0016394,3,,,,,,,
21117063,0285,1,2,2,101,2,62371,444,11,Frt45877,0285,,47001000,2,CR 5 22 5 LOC QIEN,0,0,0,8,12,-74.2037836,11.2365524,3,,,,,,,
21125115,1011SG0000,2,1,2,100,1,62371,444,22,Frt68408,,1011SG0000,47053000,2,CL 8 No 1 - 69 Ap 1 DI8639,0,0,0,8,34,-74.1907669,10.5933414,3,,,,,,,
21127597,100U7B0000,2,1,2,0,1,62371,444,12,Frt57277,,100U7B0000,8001000,2,CL 75 No CR 59 - 36 DPL CE3534,0,0,0,8,42,-74.799361,11.0050663,3,,,,,,,
21128501,100YF60000,2,1,2,0,2,62371,444,12,Frt75088,,100YF60000,8001000,2,CR 57 CL 79 - 369 P 30 PEH 2 CN2831,0,0,0,6,68,-74.8097344,11.0078439,3,,,,,,,
21130974,100XDS0000,2,1,2,0,2,62371,444,12,Frt68497,,100XDS0000,8001000,2,CR 58 CL 82 - 79 LOC 8 CK5793,0,0,0,8,68,-74.8124657,11.0097357,3,,,,,,,
21133155,100NRW0000,2,1,2,100,1,62371,444,12,Frt65224,,100NRW0000,8001000,2,CR 65 No CL 88 - 6 P 1 EJ8862,0,0,0,4,49,-74.8139778,11.0180938,3,,,,,,,
21138800,100XIK0000,2,1,2,0,2,62371,444,22,Frt80217,,100XIK0000,8685000,2,CL 15 No CR 11C - 75 LOC 25 T8598,0,3,9408,8,9,-74.7585823,10.7588863,3,,,,,,,
21139070,1023K40000,2,1,2,100,1,62371,444,12,Frt68402,,1023K40000,8001000,2,CR 71 CL 86 - 140 LOC 1 CK9185,0,0,0,8,46,-74.8125347,11.0191278,3,,,,,,,
21142315,1068,1,2,2,101,2,62371,444,12,Frt89384,1068,,44430000,2,CL 1B CR 9 - 21 BLO 1 DZ4184,4,3,9402,7,58,-72.2534093,11.3769622,3,,,,,,,
21143953,100UMF0000,2,1,2,0,2,62371,444,12,Frt68383,,100UMF0000,8758000,2,CL 63 No CR 13 - 65 LOC 1010 EI1508,0,0,0,8,53,-74.802002,10.905496,3,,,,,,,
21146119,100XQ40000,2,1,2,0,1,62371,444,11,Frt33415,,100XQ40000,47001000,2,CR 9 CL 10 37 LOC QIEN,0,0,0,7,8,-74.2062275,11.246209,3,,,,,,,
21149506,100XU60000,2,1,2,0,2,62371,444,11,Frt68317,,100XU60000,47001000,2,CARRT TR ONCAL DEL CARIBE KM - 2 BDG A A33 EN3361,0,0,0,7,20,-74.1945347,11.2039957,3,,,,,,,
21161733,0038,1,2,2,101,1,62371,444,32,Frt71571,0038,,8078000,1,CARRET A CARACOLI KILOMETR O 500 - 1 DPL N4026,0,0,0,8,101,-74.9087264,10.7738576,3,,,,,,,
21194218,0793,1,2,2,101,2,62371,444,12,Frt80352,0793,,44001000,2,CL 70 No CR 14 - 212 DPL EK4474,4,3,9501,7,8,-72.8975636,11.5389011,3,,,,,,,
21208730,100YEQ0000,2,1,2,0,2,62371,444,12,Frt80286,,100YEQ0000,8001000,2,CR 58 No CL 96 - 187 LOC 5 CL4687,0,0,0,8,76,-74.8241672,11.0166045,3,,,,,,,
21208731,100YEQ0000,2,1,2,0,2,62371,444,12,Frt68462,,100YEQ0000,8001000,2,CR 58 No CL 96 - 187 LOC 6 CL4688,0,0,0,8,76,-74.8241672,11.0166045,3,,,,,,,
21208732,100YEQ0000,2,1,2,0,2,62371,444,12,Frt69613,,100YEQ0000,8001000,2,CR 58 CL 96 - 187 LOC 7 CL 4689,0,0,0,8,76,-74.8241672,11.0166045,3,,,,,,,
21209561,0147,1,2,2,101,2,62371,444,22,Frt80615,0147,,47288000,2,CL PRINCIPAL No KM 1 - 1 DPL DU635,4,0,0,7,64,-74.1745623,10.5078487,3,,,,,,,
21213762,1008Z50000,2,1,2,100,1,62371,444,22,Frt72553,,1008Z50000,8141000,2,CL 14 CR 12 - 33 Ap 1 M1683,0,3,9226,2,10,-74.8818933,10.4576482,3,,,,,,,
21224278,100T060000,2,1,2,0,2,62371,444,12,Frt75772,,100T060000,8758000,2,CL 30 No CR 13 - 65 LOC 1003 CZ7470,0,3,9715,8,14,-74.7706953,10.906445,3,,,,,,,
21224280,100T060000,2,1,2,0,2,62371,444,12,Frt75773,,100T060000,8758000,2,CL 30 No CR 13 - 65 LOC 1005 CZ7471,0,3,9715,8,14,-74.7706953,10.906445,3,,,,,,,
21224486,100T080000,2,1,2,0,2,62371,444,12,Frt57273,,100T080000,8758000,2,CL 30 No CR 13 - 65 LOC 2185 CZ7634,0,3,9715,8,14,-74.7708691,10.9064536,3,,,,,,,
21224544,100YNC0000,2,1,2,0,2,62371,444,12,Frt70784,,100YNC0000,8758000,2,CL 30 No CR 13 - 65 LOC 1243 CZ7539,0,3,9715,8,14,-74.770988,10.9064624,3,,,,,,,
21243037,0347,1,2,2,101,2,62371,444,12,Frt29414,0347,,8001000,2,CL 86 CR 50 - 66 LOC NREG CM1453,0,0,0,8,63,-74.8131534,11.0137506,3,,,,,,,
21245739,100YG80000,2,1,2,0,1,62371,444,12,Frt68431,,100YG80000,8001000,2,CR 38 CL 69C - 9 LOC 1 BA9124,0,0,0,8,87,-74.8063089,10.983951,3,,,,,,,
21246741,100XZN0000,2,1,2,0,2,62371,444,12,Frt68379,,100XZN0000,8001000,2,CL 93 CR 71 - 49 LOC 105A P1970,0,0,0,8,42,-74.8167755,11.0208712,3,,,,,,,
21246750,100XZN0000,2,1,2,0,2,62371,444,12,Frt82582,,100XZN0000,8001000,2,CL 93 CR 71 - 49 LOC 108 P1974,0,0,0,8,42,-74.8167755,11.0208712,3,,,,,,,
21247331,100Y0G0000,2,1,2,0,2,62371,444,11,Frt68335,,100Y0G0000,47001000,2,CL 23A CR 11 - 103 LOC 16 AE7162,0,0,0,7,13,-74.2052441,11.2380642,3,,,,,,,
21250635,100S6B0000,2,1,2,0,2,62371,444,12,Frt76785,,100S6B0000,8001000,2,CR 46 CL 48 - 218 LOC 284 CD8079,0,0,0,8,27,-74.7883092,10.9901314,3,,,,,,,
21250755,100B6D0000,2,1,2,0,2,62371,444,12,Frt57240,,100B6D0000,8001000,2,CL 84 CR 59 - 34 LOC 11 CK4784,0,0,0,8,62,-74.8115443,11.0108407,3,,,,,,,
21284606,100YNE0000,2,1,2,0,2,62371,444,12,Frt75342,,100YNE0000,8758000,2,CL 30 CR 13 - 65 LOC 1125 CZ7507,0,3,9715,8,15,-74.7709322,10.9060557,3,,,,,,,
21284612,100YNE0000,2,1,2,0,2,62371,444,12,Frt57360,,100YNE0000,8758000,2,CL 30 No CR 13 - 65 LOC 1141 CZ7511,0,3,9715,8,15,-74.7709322,10.9060557,3,,,,,,,
21286170,100T080000,2,1,2,0,2,62371,444,12,Frt60746,,100T080000,8758000,2,CL 30 No CR 13 - 65 ENTR T LOC 1319 CZ7444,0,3,9715,8,14,-74.7708691,10.9064536,3,,,,,,,
21286172,100T080000,2,1,2,0,2,62371,444,12,Frt56433,,100T080000,8758000,2,CL 30 No CR 13 - 65 ENTR T LOC 1385 CZ7459,0,3,9715,8,14,-74.7708691,10.9064536,3,,,,,,,
21286216,100T080000,2,1,2,0,2,62371,444,12,Frt70741,,100T080000,8758000,2,CL 30 No CR 13 - 65 ENTR T LOC 2060 CZ7463,0,3,9715,8,14,-74.7708691,10.9064536,3,,,,,,,
21290428,100YQH0000,2,1,2,0,1,62371,444,12,Frt52321,,100YQH0000,8001000,2,CL 98 No CR 58 - 20 LOC 103 CL2576,0,0,0,8,75,-74.8241868,11.0171017,3,,,,,,,
21290429,100YQH0000,2,1,2,0,1,62371,444,12,Frt68399,,100YQH0000,8001000,2,CL 98 CR 58 - 20 LOC 104 CL 2577,0,0,0,8,75,-74.8241868,11.0171017,3,,,,,,,
21290603,0755,1,2,2,101,1,62371,444,12,Frt74719,0755,,8001000,2,CL 70 CR 41 - 259,0,0,0,8,109,-74.8174296,10.981599,3,,,,,,,
21292140,0837,1,2,2,101,2,62371,444,12,Frt76781,0837,,8001000,1,CL 112 CR 42 - 19 GLPN BOM AE2527,0,0,0,8,39,-74.8407809,10.99143,3,,,,,,,
21298927,10109K0000,2,1,2,0,2,62371,444,32,Frt68381,,10109K0000,8573000,1,CL 2B No CR 22 - 52 LOC 110 S5606,0,0,0,7,16,-74.8552721,11.0251958,3,,,,,,,
21298941,0839,1,2,2,101,2,62371,444,12,Frt66868,0839,,8573000,1,CL 2B No CR 22 - 52 LOC EURO S5617,9,0,0,7,39,-74.8407809,10.99143,3,,,,,,,
21310857,1022V90000,2,1,2,100,1,62371,444,12,Frt51323,,1022V90000,8001000,2,CR 74 CL 76 - 74 LOC 3 DU8228,0,0,0,8,15,-74.7952648,11.0138445,3,,,,,,,
21320897,0337,1,2,2,101,1,62371,444,12,Frt82205,0337,,44001000,1,Cr VIA A MAICAO No Km 5 - 300 DPL DQ2362,4,0,0,8,8,-72.8975636,11.5389011,3,,,,,,,
21321118,0337,1,2,2,101,2,62371,444,12,Frt80207,0337,,44001000,1,Cr VIA A MAICAO No Km 3 - 100 DPL EF2808,4,0,0,7,8,-72.8975636,11.5389011,3,,,,,,,
21325419,1010SC0000,2,1,2,100,1,62371,444,12,Frt65225,,1010SC0000,8001000,2,AV VIA 40 No 85B - 300 BDGA 2 CJ9259,0,3,4220,8,9,-74.8075583,11.0308191,3,,,,,,,
21326625,100J5B0000,2,1,2,0,1,62371,444,11,Frt68454,,100J5B0000,47001000,2,CL 18 No CR 2 - 67 LOC 5 AO5355,0,0,0,7,7,-74.2128287,11.2426895,3,,,,,,,
21327403,100TPA0000,2,1,2,0,1,62371,444,32,Frt57330,,100TPA0000,8573000,1,CL 3A No CR 25 - -203 LOC 06 S5441,0,0,0,8,33,-74.8624095,11.0218237,3,,,,,,,
21328417,0743,1,2,2,101,2,62371,444,32,Frt74309,0743,,8573000,1,CR 20 CL 6 - 155 DPL Y7309,0,0,0,8,24,-74.9108796,11.0103411,3,,,,,,,
21328646,100PWR0000,2,1,2,100,1,62371,444,12,Frt68444,,100PWR0000,8001000,2,CL 94 CR 53 - 44 LOC 1 CH9585,0,0,0,8,88,-74.8230237,11.0130547,3,,,,,,,
21338494,100ZI20000,2,1,2,0,2,62371,444,12,Frt68388,,100ZI20000,8001000,2,CR 64 CL 84 - 8 LOC 16 CK6880,0,0,0,8,56,-74.8108071,11.0124516,3,,,,,,,
21338547,100ZHL0000,2,1,2,0,1,62371,444,22,Frt59909,,100ZHL0000,8638000,2,CL 20A No CR 16 - 77 LOC 11 CV7544,0,0,0,8,102,-74.9203354,10.6300099,3,,,,,,,
21341119,100WA90000,2,1,2,0,2,62371,444,32,Frt68409,,100WA90000,8001000,1,CR 9G CL 110 - 187 LOC 22 BA8794,0,3,9708,8,30,-74.837789,10.9545857,3,,,,,,,
21341513,100Z650000,2,1,2,100,2,62371,444,12,Frt70935,,100Z650000,8001000,2,CL 93 CR 43 - 165 LOC 23 CN5938,0,0,0,8,110,-74.8271164,11.0032095,3,,,,,,,
21341639,100ZM60000,2,1,2,0,2,62371,444,12,Frt77575,,100ZM60000,8001000,2,CR 55 CL 99 - 161 P 09 LOC 4003 T6644,0,0,0,8,75,-74.8271758,11.015883,3,,,,,,,
21341664,100ZM60000,2,1,2,0,2,62371,444,12,Frt78272,,100ZM60000,8001000,2,CR 55 CL 99 - 161 LOC 1066 T6574,0,0,0,8,75,-74.8271758,11.015883,3,,,,,,,
21341945,100ZM80000,2,1,2,0,2,62371,444,12,Frt76770,,100ZM80000,8001000,2,CR 55 CL 99 - 161 LOC 3049 T6591,0,0,0,8,75,-74.8271758,11.015883,3,,,,,,,
21366340,10104R0000,2,1,2,0,1,62371,444,12,Frt86907,,10104R0000,8001000,2,CR 21 CL 47D - 67 LOC 4 BA7441,0,0,0,7,43,-74.7968761,10.9648904,3,,,,,,,
21366921,102QVB0000,2,1,2,100,1,62371,444,12,Frt85437,,102QVB0000,8001000,2,CR 44 No CL 45 - 43 DPL CD4893,0,0,0,8,30,-74.786269,10.984801,3,,,,,,,
21377331,100X6U0000,2,1,2,0,1,62371,444,12,Frt68391,,100X6U0000,8758000,2,CL 65 No CR 9 - 40 LOC 103 E687,9,0,0,8,49,-74.8019693,10.9032813,3,,,,,,,
21379539,102R2Q0000,2,1,2,100,1,62371,444,12,Frt77044,,102R2Q0000,8001000,2,CL 93 CR 43 - 108 LOC 1 CN8291,0,0,0,8,113,-74.8275822,11.002901,3,,,,,,,
21380325,100S9Y0000,2,1,2,0,1,62371,444,12,Frt70788,,100S9Y0000,8001000,2,CR 21B CL 58 - 71 LOC 8 BW1293,0,0,0,8,60,-74.8027582,10.9685105,3,,,,,,,
21380726,0236,1,2,2,101,2,62371,444,11,Frt46872,0236,,8634000,1,Cr A PUERTO DEL RIO No Km 2 - 1 DPL N4448,0,0,0,8,13,-74.7693239,10.8383713,3,,,,,,,
21381104,1010KU0000,2,1,3,0,2,62371,444,11,Frt74956,,1010KU0000,47001000,2,CL 14 No DG 34 - 1 ENTR ET3 LOC 119 ET261,0,0,0,8,26,-74.1712012,11.2250494,3,,,,,,,
21381105,1010KU0000,2,1,3,0,2,62371,444,11,Frt74986,,1010KU0000,47001000,2,CL 14 DG 34 - 1 ENTR ET3 LOC 122 ET263,0,0,0,8,26,-74.1712012,11.2250494,3,,,,,,,
21381116,1010KU0000,2,1,3,0,2,62371,444,11,Frt87350,,1010KU0000,47001000,2,CL 14 No DG 34 - 1 ENTR ET3 LOC 129 ET266,9,0,0,8,26,-74.1712012,11.2250494,3,,,,,,,
21381129,100JJX0000,2,1,3,0,2,62371,444,11,Frt76782,,100JJX0000,47001000,2,CL 14 DG 34 - 1 ENTR ET3 LOC 121 ET262,0,0,0,8,27,-74.1719252,11.2267036,3,,,,,,,
21382012,1010KQ0000,2,1,2,0,2,62371,444,11,Frt72413,,1010KQ0000,47001000,2,CL 26 CR 12 - 107 LOC PARK AR7328,0,0,0,8,9,-74.2045106,11.235922,3,,,,,,,
21383207,0343,1,2,2,101,2,62371,444,12,Frt89205,0343,,8001000,2,CR 56 CL 96 - 20 ARCO TOT CI565,9,0,0,7,63,-74.8131534,11.0137506,3,,,,,,,
21383994,0237,1,2,2,101,2,62371,444,11,Frt46080,0237,,8433000,1,CL 14 No CR 10B - 40 LOC NRP DI2819,0,0,0,7,13,-74.7693239,10.8383713,3,,,,,,,
21388413,1011X00000,2,1,2,0,1,62371,444,32,Frt68461,,1011X00000,8001000,1,CR 9G No CL 110 - 187 LOC 19 BA9148,0,3,9708,8,25,-74.8410794,10.9570273,3,,,,,,,
21390786,1011ZR0000,2,1,2,0,2,62371,444,32,Frt80184,,1011ZR0000,8001000,1,CL 114 No CR 42C - 33 LOC 07 AG6717,9,0,0,8,34,-74.8442204,10.9938923,3,,,,,,,
21390811,1011ZR0000,2,1,2,0,2,62371,444,32,Frt75651,,1011ZR0000,8001000,1,CL 114 No CR 42C - 33 LOC 12 AG6723,9,0,0,8,34,-74.8442204,10.9938923,3,,,,,,,
21392994,101M9G0000,2,1,2,100,1,62371,444,12,Frt60541,,101M9G0000,8001000,2,CR 43B CL 80 - 88 PEH 01 CH2371,0,0,0,8,84,-74.8156283,10.9973617,3,,,,,,,
21392995,101M9G0000,2,1,2,100,1,62371,444,12,Frt54874,,101M9G0000,8001000,2,CR 43B CL 80 - 88 LOC 1 CH2370,0,0,0,5,84,-74.8156283,10.9973617,3,,,,,,,
21392996,101M9G0000,2,1,2,100,1,62371,444,12,Frt54880,,101M9G0000,8001000,2,CR 43B CL 80 - 88 Ap 301 CH2362,0,0,0,5,84,-74.8156283,10.9973617,3,,,,,,,
21392997,101M9G0000,2,1,2,100,1,62371,444,12,Frt54875,,101M9G0000,8001000,2,CR 43B CL 80 - 88 Ap 302 CH2363,0,0,0,5,84,-74.8156283,10.9973617,3,,,,,,,
21392998,101M9G0000,2,1,2,100,1,62371,444,12,Frt54873,,101M9G0000,8001000,2,CR 43B CL 80 - 88 Ap 303 CH2364,0,0,0,5,84,-74.8156283,10.9973617,3,,,,,,,
21392999,101M9G0000,2,1,2,100,1,62371,444,12,Frt54876,,101M9G0000,8001000,2,CR 43B CL 80 - 88 Ap 304 CH2365,0,0,0,5,84,-74.8156283,10.9973617,3,,,,,,,
21393000,101M9G0000,2,1,2,100,1,62371,444,12,Frt54877,,101M9G0000,8001000,2,CR 43B CL 80 - 88 Ap 305 CH2366,0,0,0,5,84,-74.8156283,10.9973617,3,,,,,,,
21393001,101M9G0000,2,1,2,100,1,62371,444,12,Frt54879,,101M9G0000,8001000,2,CR 43B CL 80 - 88 Ap 306 CH2367,0,0,0,5,84,-74.8156283,10.9973617,3,,,,,,,
21402892,1022JO0000,2,1,2,0,1,62371,444,32,Frt59495,,1022JO0000,8436000,1,Cr PUENTE AMARILLO A COMPUERTAS No Km 0 - 630 DPL AC7670,0,3,9226,1,13,-75.012203,10.498075,3,,,,,,,
21404197,100LWT0000,2,1,2,100,2,62371,444,12,Frt80341,,100LWT0000,8001000,2,CL 77B CR 59 - 61 P 5 CH6416,9,0,0,8,32,-74.8027267,11.0082584,3,,,,,,,
21406640,100I230000,2,1,2,100,1,62371,444,12,Frt75665,,100I230000,47189000,2,CL 18 CR 5 - 48 Ap 1 AW8920,0,3,9997,2,4,-74.2546403,11.0064812,3,,,,,,,
21406922,1012C60000,2,1,2,0,1,62371,444,12,Frt84744,,1012C60000,8001000,2,CL 45 CR 20 - 116 LOC 01 BA1700,0,0,0,8,37,-74.7935182,10.9609208,3,,,,,,,
21413662,101KZ90000,2,1,2,100,1,62371,444,22,Frt72562,,101KZ90000,8770000,2,CL 3 No CR 14 - 60 DPL EP9819,0,3,9409,8,9,-74.8785931,10.3340896,3,,,,,,,
21414974,10065O0000,2,1,2,0,2,62371,444,11,Frt78269,,10065O0000,47001000,2,CARRT 90 No KM - 18 ENTR 23 LOC 45 AK5730,9,3,9724,8,4,-74.2323059,11.1165955,3,,,,,,,
21419702,100UZQ0000,2,1,2,0,1,62371,444,12,Frt82920,,100UZQ0000,8296000,2,CARRT DE LA CORDIALIDAD No KM 1 - 3 BDGA 16A AV8105,9,0,0,8,33,-74.8388753,10.9428947,3,,,,,,,
21422654,1014DD0000,2,1,2,0,1,62371,444,32,Frt76488,,1014DD0000,8573000,1,CL 3 CR 25 - 28 LOC 1234 DQ4528,0,0,0,8,28,-74.8604993,11.0226332,3,,,,,,,
21423783,2024,1,2,2,101,1,62371,444,12,Frt71064,2024,,47745000,1,CL 6 No KM 2 - 1 BDGA 1 DP3653,9,3,9231,8,10,-74.7710754,10.9495593,3,,,,,,,
21427816,100RWS0000,2,1,2,0,2,62371,444,12,Frt44473,,100RWS0000,8001000,2,CL 82 55 91 LOC DICE,0,0,0,8,72,-74.8126707,11.0075205,3,,,,,,,
21429232,100PW80000,2,1,2,0,2,62371,444,11,Frt68438,,100PW80000,47001000,2,CR 7 116A - 40 LOC 1-32,0,0,0,7,14,-74.2218122,11.1474552,3,,,,,,,
21432813,0458,1,2,2,101,1,62371,444,12,Frt44943,0458,,8758000,2,V CIRCUNVLR 43 75 LOC QIEN,0,0,0,7,38,-74.7930524,10.9281115,3,,,,,,,
21433970,10062Z0000,2,1,2,100,1,62371,444,11,Frt60343,,10062Z0000,47001000,2,CL 135 No CR 1 - 150 DPL Z838,0,0,0,7,18,-74.2230524,11.137447,3,,,,,,,
21434317,100O2I0000,2,1,2,100,1,62371,444,22,Frt78442,,100O2I0000,8078000,2,CL 17 No 17A - 77 LOC 1 CQ4265,9,0,0,8,118,-74.9152898,10.7964077,3,,,,,,,
21435597,0339,1,2,2,101,1,62371,444,12,Frt44518,0339,,8001000,2,CR 58 84 214 LOC QIEN,0,0,0,7,63,-74.8131534,11.0137506,3,,,,,,,
21435619,0450,1,2,2,101,2,62371,444,12,Frt06879,0450,,8001000,2,CL 47 18 141 LOC QIEN,0,0,0,8,29,-74.7861756,10.9495157,3,,,,,,,
21446506,101HRN0000,2,1,2,100,2,62371,444,11,Frt83762,,101HRN0000,47001000,2,CR 4 CL 21 - 180 LOC 10 BA141,9,0,0,8,8,-74.2257792,11.1904399,3,,,,,,,
300113493,0463,1,2,2,101,1,62371,444,12,Frt71061,0463,,8758000,2,CR 16 CL 27 - 38,0,0,0,8,38,-74.7930524,10.9281115,3,,,,,,,
30077752,1013CY0000,2,1,2,100,1,62371,444,11,Frt60342,,1013CY0000,47001000,2,CR 66B CL 37 - 51,0,0,0,7,40,-74.1590291,11.216998,3,,,,,,,
30081592,100NDS0000,2,1,2,100,1,62371,444,11,Frt59496,,100NDS0000,47001000,2,CL 26 CR 1A - 35 LOC 101,0,0,0,8,15,-74.1984706,11.2231234,3,,,,,,,
30089808,100CMX0000,2,1,2,100,1,62371,444,12,Frt56607,,100CMX0000,8001000,2,CL 79 CR 51 - 42 PISO 1 LOC 2,0,0,0,8,69,-74.8095011,11.002267,3,,,,,,,
30112285,1021UM0000,2,1,2,0,1,62371,444,32,Frt60129,,1021UM0000,8573000,1,CL 5 CR 13 - 612,0,0,0,10,28,-74.88314,11.033715,3,,,,,,,
30130154,101KVY0000,2,1,2,0,2,62371,444,32,Frt57234,,101KVY0000,8573000,1,CR 30 CL 2C - 118 LOC M101,0,0,0,8,54,-74.8601815,11.0166407,3,,,,,,,
30132814,1022NM0000,2,1,2,0,1,62371,444,22,Frt69611,,1022NM0000,8573002,2,CL 2 CR 20 - 27 LOC 1,0,0,0,8,11,-74.951134,11.004124,3,,,,,,,
30137582,100DK90000,2,1,2,100,1,62371,444,12,Frt60538,,100DK90000,8001000,2,CR 48 CL 76 - 147 LOC 1,0,0,0,8,68,-74.8099221,10.9985868,3,,,,,,,
30151870,101MF60000,2,1,2,0,1,62371,444,12,Frt71565,,101MF60000,8001000,2,VIA 40 CL 86 - 431 BODEGA 3,0,0,0,8,6,-74.8068037,11.0291124,3,,,,,,,
30164767,0653,1,2,2,101,2,62371,444,12,Frt75512,0653,,8001000,2,CL 8 CR 44 - 34,0,0,0,7,4,-74.7653225,10.9840783,3,,,,,,,
31442805,0071,1,2,2,101,2,62371,444,12,Frt38336,0071,,8296000,1,Cr A GALAPA No Km 2 - 500 LOC NRP CR379,9,0,0,7,39,-74.8323064,10.9455724,3,,,,,,,
5339057,100YEQ0000,2,1,2,0,2,62371,444,12,Frt51574,,100YEQ0000,8001000,2,CR 58 No CL 96 - 187 LOC 2 CL4684,0,0,0,8,76,-74.8241672,11.0166045,3,,,,,,,
5339061,100YEQ0000,2,1,2,0,2,62371,444,12,Frt68597,,100YEQ0000,8001000,2,CR 58 CL 96 - 187 LOC 8 CL 4690,0,0,0,7,76,-74.8241672,11.0166045,3,,,,,,,
17092291,1013NN0000,2,1,2,100,1,62371,444,12,Frt92177,,1013NN0000,8001000,2,CL 9A CR 44 - 28 LOC 2 BA4173,0,0,0,8,7,-74.7744681,10.983058,3,,,,,,,
17105248,1012IO0000,2,1,2,100,1,62371,444,12,Frt92040,,1012IO0000,8001000,2,CR 51 CL 93 - 23 BLO 1 P 2 Ap 01 CN4693,0,0,0,5,104,-74.8261332,11.0088256,3,,,,,,,
17278928,100SAS0000,2,1,2,0,1,62371,444,12,Frt90287,,100SAS0000,8001000,2,CR 44 CL 79 - 76 DPL CH2652,0,0,0,8,82,-74.8138253,10.9971039,3,,,,,,,
17301024,100AZS0000,2,1,2,100,1,62371,444,12,Frt92047,,100AZS0000,8001000,2,CL 84 CR 56 - 51 ARCO CM4756,3,0,0,5,66,-74.8134437,11.0093085,3,,,,,,,
17670659,100H4V0000,2,1,2,0,2,62371,444,12,Frt90201,,100H4V0000,8001000,2,CR 53 CL 98 - 3 P 2 LOC 201C DT3770,0,0,0,7,91,-74.8276551,11.0136581,3,,,,,,,
18078854,0793,1,2,2,101,2,62371,444,12,Frt89686,0793,,44001000,2,CR 7 CL 21 - 23 DPL EF6624,4,0,0,7,8,-72.8975636,11.5389011,3,,,,,,,
19482355,1137,1,2,2,101,2,62371,444,12,Frt01512,1137,,8573000,1,CARRT A PTO COLOMBIA No KM - 7 LOC NREG CN5610,0,0,0,8,26,-74.849346,11.024253,3,,,,,,,
19686922,0843,1,3,3,101,2,62371,444,32,Frt89418,0843,,8001000,1,Lo In 36 MZ J ZONA FRANCA LA CAYENA,0,0,0,7,35,-74.901634,10.9526116,3,,,,,,,
21247328,100Y0G0000,2,1,2,0,2,62371,444,11,Frt90290,,100Y0G0000,47001000,2,CL 23A No CR 11 - 103 LOC SUB AE7174,9,0,0,8,13,-74.2052441,11.2380642,3,,,,,,,
